EPOCH__yyyy-mm-ddThh:mm:ss.sssZ,<|B|>__nT,BX_(GSM)_(@_x_component_)_nT,BY_(GSM)_(@_y_component_)_nT,BZ_(GSM)_(@_z_component_)_nT
2008-08-12T20:00:07.000Z,1.37600,-0.619000,-1.21400,-0.125000
2008-08-12T20:00:23.000Z,1.48100,-0.773000,-1.24800,-0.0540000
2008-08-12T20:00:39.000Z,1.06000,-0.317000,-0.781000,-0.0920000
2008-08-12T20:00:55.000Z,1.24400,0.829000,0.00700000,0.913000
2008-08-12T20:01:11.000Z,0.932000,0.614000,0.0660000,0.634000
2008-08-12T20:01:27.000Z,0.780000,0.669000,0.0250000,0.358000
2008-08-12T20:01:43.000Z,0.818000,0.659000,0.127000,0.418000
2008-08-12T20:01:59.000Z,1.62100,1.02500,0.0920000,1.24500
2008-08-12T20:02:15.000Z,1.73900,0.899000,-0.124000,1.47600
2008-08-12T20:02:31.000Z,1.11700,0.566000,-0.382000,0.851000
2008-08-12T20:02:47.000Z,1.39700,0.633000,-0.702000,1.00800
2008-08-12T20:03:03.000Z,1.39100,0.574000,-0.609000,1.08800
2008-08-12T20:03:19.000Z,1.40800,0.700000,-0.329000,1.15700
2008-08-12T20:03:35.000Z,1.37200,0.692000,-0.213000,1.15700
2008-08-12T20:03:51.000Z,1.09000,0.562000,-0.219000,0.894000
2008-08-12T20:04:07.000Z,1.22300,0.569000,-0.357000,1.01100
2008-08-12T20:04:23.000Z,1.31900,0.705000,-0.396000,1.02900
2008-08-12T20:04:39.000Z,1.17100,0.289000,-0.713000,0.840000
2008-08-12T20:04:55.000Z,1.13100,0.379000,-0.641000,0.840000
2008-08-12T20:05:11.000Z,1.48400,0.293000,-0.918000,1.10800
2008-08-12T20:05:27.000Z,1.36100,0.0430000,-0.968000,0.941000
2008-08-12T20:05:43.000Z,1.44300,0.00000,-1.04700,0.989000
2008-08-12T20:05:59.000Z,1.72800,-0.138000,-1.22100,1.21000
2008-08-12T20:06:15.000Z,1.66300,-0.390000,-1.15900,1.06400
2008-08-12T20:06:31.000Z,1.92500,0.796000,-0.481000,1.67700
2008-08-12T20:06:47.000Z,1.88000,0.867000,-0.544000,1.57200
2008-08-12T20:07:03.000Z,2.00000,0.648000,-0.795000,1.70500
2008-08-12T20:07:19.000Z,1.87000,0.430000,-1.02800,1.49000
2008-08-12T20:07:35.000Z,1.94400,0.380000,-1.12500,1.53500
2008-08-12T20:07:51.000Z,1.87100,0.137000,-1.31000,1.30700
2008-08-12T20:08:07.000Z,1.91700,0.283000,-1.03900,1.56900
2008-08-12T20:08:23.000Z,1.92300,0.289000,-0.973000,1.63000
2008-08-12T20:08:39.000Z,1.95800,0.0160000,-0.798000,1.78400
2008-08-12T20:08:55.000Z,1.97700,-0.0750000,-0.838000,1.78300
2008-08-12T20:09:11.000Z,1.62400,0.0780000,-1.14600,0.945000
2008-08-12T20:09:27.000Z,1.57600,0.310000,-1.52200,0.181000
2008-08-12T20:09:43.000Z,1.56200,0.378000,-1.40800,-0.535000
2008-08-12T20:09:59.000Z,1.40400,0.136000,-1.25800,-0.589000
2008-08-12T20:10:15.000Z,1.47300,0.380000,-1.08700,-0.903000
2008-08-12T20:10:31.000Z,2.03200,0.255000,-1.62600,-1.18700
2008-08-12T20:10:47.000Z,2.04600,0.242000,-1.43800,-1.42600
2008-08-12T20:11:03.000Z,2.04300,0.269000,-1.49800,-1.35200
2008-08-12T20:11:19.000Z,1.91800,0.159000,-1.47600,-1.18900
2008-08-12T20:11:35.000Z,1.49900,0.120000,-1.29700,-0.716000
2008-08-12T20:11:51.000Z,1.40500,0.0640000,-1.32600,-0.431000
2008-08-12T20:12:07.000Z,1.17500,0.0540000,-1.15300,-0.158000
2008-08-12T20:12:23.000Z,1.29400,0.0390000,-1.22600,-0.370000
2008-08-12T20:12:39.000Z,1.43300,0.0410000,-1.33400,-0.512000
2008-08-12T20:12:55.000Z,1.40900,-0.0840000,-1.28600,-0.545000
2008-08-12T20:13:11.000Z,1.49200,-0.0430000,-1.30700,-0.707000
2008-08-12T20:13:27.000Z,1.50100,-0.283000,-1.34300,-0.602000
2008-08-12T20:13:43.000Z,1.25400,-0.257000,-1.15100,-0.403000
2008-08-12T20:13:59.000Z,1.23200,-0.144000,-1.19300,-0.207000
2008-08-12T20:14:15.000Z,1.35200,-0.137000,-1.26800,-0.427000
2008-08-12T20:14:31.000Z,1.59400,-0.0760000,-1.50100,-0.502000
2008-08-12T20:14:47.000Z,1.36300,-0.0670000,-1.27500,-0.451000
2008-08-12T20:15:03.000Z,1.17100,-0.0860000,-1.08500,-0.420000
2008-08-12T20:15:19.000Z,1.41200,-0.292000,-1.31300,-0.404000
2008-08-12T20:15:35.000Z,1.52100,-0.361000,-1.39200,-0.491000
2008-08-12T20:15:51.000Z,1.60000,-0.136000,-1.34600,-0.823000
2008-08-12T20:16:07.000Z,1.57100,0.0770000,-1.27200,-0.902000
2008-08-12T20:16:23.000Z,1.77500,-0.0510000,-1.43900,-1.02700
2008-08-12T20:16:39.000Z,1.34400,0.114000,-0.969000,-0.918000
2008-08-12T20:16:55.000Z,1.10000,0.0480000,-0.731000,-0.806000
2008-08-12T20:17:11.000Z,1.51400,-0.0310000,-0.766000,-1.29300
2008-08-12T20:17:27.000Z,1.54300,0.297000,-1.30200,-0.194000
2008-08-12T20:17:43.000Z,1.80900,0.308000,-1.67500,0.580000
2008-08-12T20:17:59.000Z,1.65900,0.554000,-1.41400,0.629000
2008-08-12T20:18:15.000Z,1.29900,0.626000,-0.913000,0.395000
2008-08-12T20:18:31.000Z,0.976000,0.562000,-0.682000,-0.395000
2008-08-12T20:18:47.000Z,1.12700,0.665000,-0.537000,-0.709000
2008-08-12T20:19:03.000Z,0.778000,0.441000,-0.224000,-0.532000
2008-08-12T20:19:19.000Z,0.910000,0.551000,-0.0820000,-0.703000
2008-08-12T20:19:35.000Z,0.972000,0.453000,-0.0200000,-0.831000
2008-08-12T20:19:51.000Z,1.23700,0.532000,0.318000,-1.05500
2008-08-12T20:20:07.000Z,1.78500,0.662000,0.947000,-1.29900
2008-08-12T20:20:23.000Z,1.21500,0.274000,-0.271000,-1.06900
2008-08-12T20:20:39.000Z,1.07800,-0.0140000,-0.987000,-0.316000
2008-08-12T20:20:55.000Z,1.01400,0.154000,-0.957000,-0.262000
2008-08-12T20:21:11.000Z,1.08800,0.196000,-1.03000,-0.206000
2008-08-12T20:21:27.000Z,1.13500,0.235000,-1.06300,-0.260000
2008-08-12T20:21:43.000Z,1.27400,0.262000,-0.905000,-0.779000
2008-08-12T20:21:59.000Z,1.34400,0.291000,-1.02500,-0.764000
2008-08-12T20:22:15.000Z,1.35400,0.195000,-1.20500,-0.340000
2008-08-12T20:22:31.000Z,1.46100,0.0520000,-1.37600,-0.292000
2008-08-12T20:22:47.000Z,1.41700,0.00600000,-1.32000,-0.361000
2008-08-12T20:23:03.000Z,1.60100,0.196000,-1.53000,-0.355000
2008-08-12T20:23:19.000Z,1.62000,0.429000,-0.934000,-1.14000
2008-08-12T20:23:35.000Z,1.89100,0.552000,-0.331000,-1.77000
2008-08-12T20:23:51.000Z,1.96600,0.554000,-0.418000,-1.83300
2008-08-12T20:24:07.000Z,1.92100,0.537000,0.0660000,-1.83400
2008-08-12T20:24:23.000Z,1.93800,0.349000,-0.0810000,-1.85200
2008-08-12T20:24:39.000Z,2.06200,0.516000,-0.0660000,-1.97600
2008-08-12T20:24:55.000Z,2.01900,0.592000,0.829000,-1.61000
2008-08-12T20:25:11.000Z,2.15000,0.894000,1.34500,-1.41000
2008-08-12T20:25:27.000Z,2.22500,0.992000,1.27600,-1.52100
2008-08-12T20:25:43.000Z,2.24100,1.13800,1.34700,-1.34800
2008-08-12T20:25:59.000Z,2.22300,0.997000,1.35000,-1.45100
2008-08-12T20:26:15.000Z,2.18000,1.05100,1.21400,-1.47100
2008-08-12T20:26:31.000Z,2.11200,1.04500,1.16800,-1.41200
2008-08-12T20:26:47.000Z,2.19000,1.06900,1.15400,-1.51900
2008-08-12T20:27:03.000Z,2.20800,1.09200,1.15600,-1.53000
2008-08-12T20:27:19.000Z,2.10400,1.12700,1.04800,-1.43200
2008-08-12T20:27:35.000Z,2.21800,1.15200,1.00400,-1.60400
2008-08-12T20:27:51.000Z,2.24900,1.19500,0.930000,-1.65700
2008-08-12T20:28:07.000Z,2.13600,0.999000,0.877000,-1.66500
2008-08-12T20:28:23.000Z,2.17400,1.04800,0.916000,-1.66700
2008-08-12T20:28:39.000Z,2.24700,1.03600,0.950000,-1.75100
2008-08-12T20:28:55.000Z,2.32500,1.29600,0.698000,-1.78600
2008-08-12T20:29:11.000Z,2.39500,1.50000,0.566000,-1.76800
2008-08-12T20:29:27.000Z,2.37600,1.51200,0.696000,-1.68600
2008-08-12T20:29:43.000Z,2.34100,1.38000,0.588000,-1.78500
2008-08-12T20:29:59.000Z,2.19200,1.20200,0.709000,-1.68000
2008-08-12T20:30:15.000Z,2.19500,1.22200,0.709000,-1.67300
2008-08-12T20:30:31.000Z,2.05400,1.35200,0.280000,-1.46800
2008-08-12T20:30:47.000Z,2.01100,1.22300,0.214000,-1.51800
2008-08-12T20:31:03.000Z,1.92600,1.31400,-0.631000,-1.25500
2008-08-12T20:31:19.000Z,1.92100,1.32300,-0.596000,-1.24600
2008-08-12T20:31:35.000Z,1.95300,1.33400,-0.581000,-1.26600
2008-08-12T20:31:51.000Z,1.89500,1.33500,-0.805000,-1.07100
2008-08-12T20:32:07.000Z,1.78700,1.24000,-0.771000,-1.02500
2008-08-12T20:32:23.000Z,1.83400,1.29600,-0.772000,-1.03900
2008-08-12T20:32:39.000Z,1.75500,1.31500,-0.811000,-0.814000
2008-08-12T20:32:55.000Z,1.70000,1.24700,-0.823000,-0.803000
2008-08-12T20:33:11.000Z,1.84500,1.35000,-0.905000,-0.869000
2008-08-12T20:33:27.000Z,1.61400,1.09200,-0.991000,-0.633000
2008-08-12T20:33:42.000Z,1.72500,1.21100,-1.16200,-0.380000
2008-08-12T20:33:58.000Z,1.82800,1.43000,-1.10900,-0.147000
2008-08-12T20:34:14.000Z,1.88300,1.27000,-1.28500,0.481000
2008-08-12T20:34:30.000Z,1.79700,1.08300,-1.26900,0.638000
2008-08-12T20:34:46.000Z,1.77200,1.18900,-1.17300,0.554000
2008-08-12T20:35:02.000Z,1.75500,1.31000,-1.01600,0.393000
2008-08-12T20:35:18.000Z,1.63700,1.35900,-0.749000,-0.492000
2008-08-12T20:35:34.000Z,1.62800,1.35700,-0.764000,-0.444000
2008-08-12T20:35:50.000Z,1.34300,1.15300,-0.642000,0.0920000
2008-08-12T20:36:06.000Z,1.32700,1.17600,-0.361000,0.398000
2008-08-12T20:36:22.000Z,1.26800,1.00300,-0.245000,0.213000
2008-08-12T20:36:38.000Z,1.63300,0.634000,0.330000,-1.35500
2008-08-12T20:36:54.000Z,1.75700,0.562000,0.485000,-1.57900
2008-08-12T20:37:10.000Z,1.83600,0.697000,0.524000,-1.60200
2008-08-12T20:37:26.000Z,1.92900,0.882000,0.413000,-1.66000
2008-08-12T20:37:42.000Z,2.06100,0.899000,0.283000,-1.81500
2008-08-12T20:37:58.000Z,2.07600,0.984000,0.230000,-1.80500
2008-08-12T20:38:14.000Z,2.07600,0.927000,0.189000,-1.84100
2008-08-12T20:38:30.000Z,2.06100,0.959000,0.0160000,-1.81900
2008-08-12T20:38:46.000Z,1.87700,0.666000,0.798000,-1.53500
2008-08-12T20:39:02.000Z,1.84400,0.556000,0.874000,-1.42400
2008-08-12T20:39:18.000Z,1.91300,0.493000,0.368000,-1.80800
2008-08-12T20:39:34.000Z,1.74500,0.337000,0.543000,-1.61000
2008-08-12T20:39:50.000Z,1.72900,0.192000,0.503000,-1.63000
2008-08-12T20:40:06.000Z,1.81300,0.342000,0.537000,-1.67400
2008-08-12T20:40:22.000Z,1.95500,0.436000,0.502000,-1.83200
2008-08-12T20:40:38.000Z,1.86300,0.256000,0.615000,-1.73700
2008-08-12T20:40:54.000Z,1.82500,0.0390000,0.496000,-1.74100
2008-08-12T20:41:10.000Z,1.77900,0.240000,0.354000,-1.67300
2008-08-12T20:41:26.000Z,1.82400,0.212000,0.249000,-1.77300
2008-08-12T20:41:42.000Z,2.05700,0.581000,0.0610000,-1.96600
2008-08-12T20:41:58.000Z,2.07300,0.411000,0.103000,-2.02700
2008-08-12T20:42:14.000Z,2.01400,0.361000,0.0750000,-1.97700
2008-08-12T20:42:30.000Z,2.08300,0.488000,0.0100000,-2.02000
2008-08-12T20:42:46.000Z,2.11600,0.732000,-0.123000,-1.98000
2008-08-12T20:43:02.000Z,2.12600,0.737000,-0.227000,-1.97600
2008-08-12T20:43:18.000Z,2.16800,0.871000,-0.375000,-1.93300
2008-08-12T20:43:34.000Z,2.15100,0.628000,-0.227000,-2.02900
2008-08-12T20:43:50.000Z,2.03600,0.206000,-0.0900000,-2.02100
2008-08-12T20:44:06.000Z,2.05500,0.146000,-0.0420000,-2.04700
2008-08-12T20:44:22.000Z,1.81600,-0.00700000,-0.0480000,-1.81100
2008-08-12T20:44:38.000Z,1.90700,-0.102000,-0.120000,-1.89100
2008-08-12T20:44:54.000Z,1.92300,-0.00100000,-0.322000,-1.88900
2008-08-12T20:45:10.000Z,2.01400,0.607000,-0.617000,-1.80000
2008-08-12T20:45:26.000Z,2.05100,0.774000,-0.760000,-1.73700
2008-08-12T20:45:42.000Z,1.95600,0.852000,-0.569000,-1.65700
2008-08-12T20:45:58.000Z,1.89600,0.657000,-0.718000,-1.62300
2008-08-12T20:46:14.000Z,1.84600,0.730000,-0.659000,-1.54900
2008-08-12T20:46:30.000Z,1.87100,0.739000,-0.609000,-1.60100
2008-08-12T20:46:46.000Z,1.97300,0.941000,-1.09400,-1.20700
2008-08-12T20:47:02.000Z,1.83700,0.418000,-1.05400,-1.40900
2008-08-12T20:47:18.000Z,1.76500,0.639000,-1.33100,-0.917000
2008-08-12T20:47:34.000Z,1.86400,0.564000,-1.26300,-1.22900
2008-08-12T20:47:50.000Z,1.80000,0.408000,-1.22100,-1.24800
2008-08-12T20:48:06.000Z,1.83200,0.530000,-1.07400,-1.37200
2008-08-12T20:48:22.000Z,1.86900,0.565000,-1.22900,-1.28300
2008-08-12T20:48:38.000Z,1.80900,0.424000,-0.946000,-1.43100
2008-08-12T20:48:54.000Z,1.67300,0.0490000,-0.804000,-1.45000
2008-08-12T20:49:10.000Z,1.42500,0.149000,-0.659000,-1.21500
2008-08-12T20:49:26.000Z,1.54000,0.336000,-0.468000,-1.40300
2008-08-12T20:49:42.000Z,1.15500,0.379000,-0.611000,-0.881000
2008-08-12T20:49:58.000Z,1.76600,0.552000,-1.13400,-1.22200
2008-08-12T20:50:14.000Z,1.65500,0.775000,-0.886000,-1.15000
2008-08-12T20:50:30.000Z,1.76300,0.870000,-1.05600,-1.09500
2008-08-12T20:50:46.000Z,1.64300,0.632000,-1.03800,-1.06200
2008-08-12T20:51:02.000Z,1.56600,1.12100,-0.736000,-0.781000
2008-08-12T20:51:18.000Z,1.77500,1.24500,-0.920000,-0.860000
2008-08-12T20:51:34.000Z,1.79500,1.18200,-0.841000,-1.05100
2008-08-12T20:51:50.000Z,1.79600,1.10600,-0.900000,-1.07200
2008-08-12T20:52:06.000Z,1.34500,0.175000,-1.11700,-0.688000
2008-08-12T20:52:22.000Z,1.35900,0.450000,-1.00100,-0.768000
2008-08-12T20:52:38.000Z,1.48000,0.430000,-0.813000,-1.07700
2008-08-12T20:52:54.000Z,1.30900,0.0760000,-0.493000,-1.19700
2008-08-12T20:53:10.000Z,1.37400,-0.0310000,-0.297000,-1.33500
2008-08-12T20:53:26.000Z,1.44600,0.0910000,-0.488000,-1.34600
2008-08-12T20:53:42.000Z,1.65700,0.147000,-0.676000,-1.50300
2008-08-12T20:53:58.000Z,1.80300,0.224000,-0.628000,-1.67000
2008-08-12T20:54:14.000Z,1.82800,0.256000,-0.647000,-1.68800
2008-08-12T20:54:30.000Z,2.02300,0.341000,-0.601000,-1.89800
2008-08-12T20:54:46.000Z,1.83700,0.295000,-0.458000,-1.75200
2008-08-12T20:55:02.000Z,1.93800,0.377000,-0.417000,-1.85000
2008-08-12T20:55:18.000Z,1.87800,0.334000,-0.388000,-1.80500
2008-08-12T20:55:34.000Z,1.84000,0.391000,-0.344000,-1.76100
2008-08-12T20:55:50.000Z,1.51000,0.403000,-0.360000,-1.39600
2008-08-12T20:56:06.000Z,1.62700,0.477000,-0.347000,-1.51300
2008-08-12T20:56:22.000Z,1.74400,0.428000,-0.326000,-1.65300
2008-08-12T20:56:38.000Z,1.55000,0.409000,-0.256000,-1.46700
2008-08-12T20:56:54.000Z,1.40300,0.552000,0.0220000,-1.27400
2008-08-12T20:57:10.000Z,1.87900,0.928000,0.490000,-1.49600
2008-08-12T20:57:26.000Z,2.03300,0.829000,0.549000,-1.76500
2008-08-12T20:57:42.000Z,2.01700,0.738000,0.405000,-1.82300
2008-08-12T20:57:58.000Z,2.06700,0.606000,0.214000,-1.96300
2008-08-12T20:58:14.000Z,2.15000,0.641000,0.148000,-2.04100
2008-08-12T20:58:30.000Z,1.98700,0.577000,0.117000,-1.89200
2008-08-12T20:58:46.000Z,2.04900,0.490000,0.189000,-1.97800
2008-08-12T20:59:02.000Z,2.06500,0.422000,0.142000,-2.01300
2008-08-12T20:59:18.000Z,2.04600,0.387000,0.0840000,-2.00600
2008-08-12T20:59:34.000Z,2.07500,0.472000,-0.0350000,-2.01600
2008-08-12T20:59:50.000Z,2.21800,0.626000,0.0760000,-2.12400
2008-08-12T21:00:06.000Z,1.88700,0.564000,0.135000,-1.78700
2008-08-12T21:00:22.000Z,2.09000,0.359000,0.164000,-2.04800
2008-08-12T21:00:38.000Z,2.01600,0.410000,0.606000,-1.86600
2008-08-12T21:00:54.000Z,1.65400,0.745000,-0.616000,-0.383000
2008-08-12T21:01:10.000Z,2.10000,1.55000,-1.39700,-0.0720000
2008-08-12T21:01:26.000Z,2.11800,1.38600,-1.58400,0.156000
2008-08-12T21:01:42.000Z,2.11600,1.30300,-1.61100,0.312000
2008-08-12T21:01:58.000Z,2.11100,1.14700,-1.74000,0.313000
2008-08-12T21:02:14.000Z,1.96600,1.00400,-1.63500,0.397000
2008-08-12T21:02:30.000Z,2.15900,1.16400,-1.74700,0.486000
2008-08-12T21:02:46.000Z,1.85300,0.837000,-1.50400,0.670000
2008-08-12T21:03:02.000Z,1.83600,0.917000,-1.48100,0.526000
2008-08-12T21:03:18.000Z,1.70500,0.962000,-1.39800,0.0450000
2008-08-12T21:03:34.000Z,1.84900,1.16300,-1.33600,-0.197000
2008-08-12T21:03:50.000Z,1.70600,0.919000,-1.35600,0.238000
2008-08-12T21:04:06.000Z,1.69600,0.917000,-1.40200,0.235000
2008-08-12T21:04:22.000Z,1.65800,0.970000,-1.33500,0.120000
2008-08-12T21:04:38.000Z,1.75200,1.17700,-1.28400,-0.0240000
2008-08-12T21:04:54.000Z,1.68300,1.18600,-1.18300,-0.0670000
2008-08-12T21:05:10.000Z,1.80400,1.15500,-1.36300,-0.177000
2008-08-12T21:05:26.000Z,1.87500,1.31100,-1.23100,-0.511000
2008-08-12T21:05:42.000Z,1.84300,1.28600,-1.14500,-0.623000
2008-08-12T21:05:58.000Z,1.53500,0.828000,-0.898000,-0.926000
2008-08-12T21:06:14.000Z,1.62000,0.734000,-0.613000,-1.25600
2008-08-12T21:06:30.000Z,1.58400,0.414000,-0.281000,-1.48300
2008-08-12T21:06:46.000Z,1.66600,0.713000,-0.568000,-1.36800
2008-08-12T21:07:02.000Z,1.57900,0.242000,-0.571000,-1.44300
2008-08-12T21:07:18.000Z,1.76900,0.785000,-0.629000,-1.39800
2008-08-12T21:07:34.000Z,1.73200,1.01300,-0.678000,-1.22100
2008-08-12T21:07:50.000Z,1.74300,1.20700,-0.664000,-1.05900
2008-08-12T21:08:06.000Z,1.61600,1.17200,-0.514000,-0.932000
2008-08-12T21:08:22.000Z,1.53100,0.162000,0.133000,-1.50000
2008-08-12T21:08:38.000Z,1.73500,0.724000,-0.339000,0.341000
2008-08-12T21:08:54.000Z,2.11900,1.28800,-0.729000,1.50700
2008-08-12T21:09:10.000Z,2.17600,1.46000,-0.795000,1.40100
2008-08-12T21:09:26.000Z,2.12400,1.46000,-0.781000,1.32600
2008-08-12T21:09:42.000Z,2.14100,1.52300,-0.755000,1.29700
2008-08-12T21:09:58.000Z,2.05700,1.34100,-0.740000,1.36500
2008-08-12T21:10:14.000Z,2.06500,1.45800,-0.692000,1.28100
2008-08-12T21:10:30.000Z,1.57300,1.10800,-0.553000,0.963000
2008-08-12T21:10:46.000Z,0.911000,0.751000,-0.182000,0.465000
2008-08-12T21:11:02.000Z,1.38900,1.04900,-0.433000,0.790000
2008-08-12T21:11:18.000Z,2.03300,1.45300,-0.807000,1.16700
2008-08-12T21:11:34.000Z,2.06800,1.69200,-0.532000,1.01700
2008-08-12T21:11:50.000Z,2.07100,1.80700,-0.373000,0.932000
2008-08-12T21:12:06.000Z,2.05900,1.78000,-0.170000,1.01300
2008-08-12T21:12:22.000Z,2.19900,1.86300,-0.299000,1.05900
2008-08-12T21:12:38.000Z,2.24100,1.56800,-0.768000,1.40100
2008-08-12T21:12:54.000Z,2.14900,1.48400,-0.881000,1.27300
2008-08-12T21:13:10.000Z,2.18800,1.54800,-1.01700,1.14600
2008-08-12T21:13:26.000Z,2.21100,1.51000,-1.14200,1.09800
2008-08-12T21:13:42.000Z,2.15000,1.09500,-1.55800,0.986000
2008-08-12T21:13:58.000Z,2.06400,0.922000,-1.53900,1.01600
2008-08-12T21:14:14.000Z,2.00000,0.992000,-1.47700,0.906000
2008-08-12T21:14:30.000Z,1.94300,1.02600,-1.45100,0.781000
2008-08-12T21:14:46.000Z,1.90500,0.962000,-1.42600,0.806000
2008-08-12T21:15:02.000Z,2.08500,1.19100,-1.57400,0.640000
2008-08-12T21:15:18.000Z,2.15400,1.25300,-1.67600,0.488000
2008-08-12T21:15:34.000Z,2.10200,1.28400,-1.57100,0.423000
2008-08-12T21:15:50.000Z,2.09900,1.38800,-1.31900,0.629000
2008-08-12T21:16:06.000Z,1.85100,1.05200,-1.49300,-0.00400000
2008-08-12T21:16:22.000Z,1.92000,1.14700,-1.23000,0.915000
2008-08-12T21:16:38.000Z,1.92100,1.05500,-1.37300,0.825000
2008-08-12T21:16:54.000Z,1.37100,0.898000,-0.917000,0.466000
2008-08-12T21:17:10.000Z,1.98000,1.23200,-1.39500,0.662000
2008-08-12T21:17:26.000Z,2.07500,1.33100,-1.43900,0.662000
2008-08-12T21:17:42.000Z,2.06200,1.40800,-1.35400,0.649000
2008-08-12T21:17:58.000Z,2.06200,1.33200,-1.51700,0.286000
2008-08-12T21:18:14.000Z,1.76200,1.20300,-1.16500,0.477000
2008-08-12T21:18:30.000Z,1.49000,1.12400,-0.820000,0.448000
2008-08-12T21:18:46.000Z,1.87400,1.48300,-1.05000,0.440000
2008-08-12T21:19:02.000Z,2.05600,1.61400,-1.20100,0.403000
2008-08-12T21:19:18.000Z,2.18100,1.73400,-1.28500,0.181000
2008-08-12T21:19:34.000Z,2.27300,1.85600,-1.30400,-0.109000
2008-08-12T21:19:50.000Z,2.27200,1.85100,-1.30200,-0.184000
2008-08-12T21:20:06.000Z,2.28900,1.91200,-1.23300,-0.236000
2008-08-12T21:20:22.000Z,2.30200,1.91400,-1.23300,-0.292000
2008-08-12T21:20:38.000Z,2.37000,2.02000,-1.12200,-0.501000
2008-08-12T21:20:54.000Z,2.24000,1.77400,-1.23900,-0.486000
2008-08-12T21:21:10.000Z,2.23300,1.64400,-1.46400,-0.358000
2008-08-12T21:21:26.000Z,2.04600,1.48800,-1.36100,-0.202000
2008-08-12T21:21:42.000Z,2.18800,1.57000,-1.50200,-0.220000
2008-08-12T21:21:58.000Z,2.14200,1.56400,-1.45000,-0.146000
2008-08-12T21:22:14.000Z,2.05700,1.43400,-1.45400,-0.227000
2008-08-12T21:22:30.000Z,1.91800,1.16400,-1.45900,-0.373000
2008-08-12T21:22:46.000Z,1.80300,1.06100,-1.42000,-0.280000
2008-08-12T21:23:02.000Z,1.84400,1.17800,-1.39000,-0.266000
2008-08-12T21:23:18.000Z,1.95900,1.33400,-1.41200,-0.218000
2008-08-12T21:23:34.000Z,2.00600,1.39000,-1.43200,-0.176000
2008-08-12T21:23:50.000Z,1.95700,1.34600,-1.41500,-0.0790000
2008-08-12T21:24:06.000Z,1.98500,1.52300,-1.20200,-0.234000
2008-08-12T21:24:22.000Z,2.06700,1.89200,-0.559000,-0.576000
2008-08-12T21:24:38.000Z,1.78400,1.42500,-1.04800,-0.138000
2008-08-12T21:24:54.000Z,1.94300,1.69500,-0.695000,-0.613000
2008-08-12T21:25:10.000Z,2.10200,1.91200,-0.444000,-0.732000
2008-08-12T21:25:26.000Z,2.27800,2.04300,-0.650000,-0.766000
2008-08-12T21:25:42.000Z,2.18100,1.93100,-0.802000,-0.582000
2008-08-12T21:25:58.000Z,2.12700,1.84100,-0.903000,-0.557000
2008-08-12T21:26:14.000Z,2.11700,1.81400,-0.855000,-0.657000
2008-08-12T21:26:30.000Z,2.18400,1.81900,-0.730000,-0.958000
2008-08-12T21:26:46.000Z,2.17600,1.76500,-0.617000,-1.10300
2008-08-12T21:27:02.000Z,2.16600,1.70700,-0.657000,-1.15500
2008-08-12T21:27:18.000Z,1.87700,1.47100,-0.478000,-1.05200
2008-08-12T21:27:34.000Z,1.41500,1.18900,-0.228000,-0.698000
2008-08-12T21:27:50.000Z,2.33700,1.86900,-0.0170000,-1.38400
2008-08-12T21:28:06.000Z,2.25400,1.73300,-0.191000,-1.39300
2008-08-12T21:28:22.000Z,2.34900,1.87200,-0.202000,-1.40000
2008-08-12T21:28:38.000Z,2.35300,1.73800,-0.187000,-1.56800
2008-08-12T21:28:54.000Z,2.25800,1.55300,-0.0420000,-1.63500
2008-08-12T21:29:10.000Z,2.28600,1.72800,-0.0180000,-1.49200
2008-08-12T21:29:26.000Z,2.23300,1.59200,0.0370000,-1.56200
2008-08-12T21:29:42.000Z,2.31100,1.76200,0.229000,-1.47300
2008-08-12T21:29:58.000Z,2.35100,1.69500,0.286000,-1.59900
2008-08-12T21:30:14.000Z,2.34900,1.62900,0.370000,-1.64700
2008-08-12T21:30:30.000Z,2.24300,1.63200,0.443000,-1.46900
2008-08-12T21:30:46.000Z,1.54800,0.666000,-0.242000,-0.347000
2008-08-12T21:31:02.000Z,1.45400,-0.637000,-0.965000,0.856000
2008-08-12T21:31:18.000Z,1.47400,-0.475000,-1.13100,0.760000
2008-08-12T21:31:34.000Z,1.43900,-0.109000,-1.20500,0.775000
2008-08-12T21:31:50.000Z,1.46400,-0.121000,-1.19000,0.836000
2008-08-12T21:32:06.000Z,1.58700,-0.306000,-1.18000,1.00900
2008-08-12T21:32:22.000Z,1.72400,-0.443000,-1.24500,1.10200
2008-08-12T21:32:38.000Z,1.73800,-0.530000,-1.26000,1.07100
2008-08-12T21:32:54.000Z,1.71800,-0.435000,-1.25100,1.08700
2008-08-12T21:33:10.000Z,1.75100,-0.411000,-1.17300,1.22800
2008-08-12T21:33:26.000Z,1.73400,-0.709000,-1.05700,1.17300
2008-08-12T21:33:42.000Z,1.75300,-0.580000,-1.12000,1.20700
2008-08-12T21:33:58.000Z,1.69700,-0.635000,-1.25400,0.924000
2008-08-12T21:34:14.000Z,1.58100,-0.416000,-1.23300,0.889000
2008-08-12T21:34:30.000Z,1.60600,-0.371000,-1.28300,0.885000
2008-08-12T21:34:46.000Z,1.58900,-0.387000,-1.31100,0.806000
2008-08-12T21:35:02.000Z,1.69800,-0.505000,-0.998000,1.21800
2008-08-12T21:35:18.000Z,1.85700,-0.841000,-0.926000,1.36000
2008-08-12T21:35:34.000Z,1.77700,-0.764000,-0.973000,1.27200
2008-08-12T21:35:50.000Z,1.77700,-0.753000,-1.06200,1.20300
2008-08-12T21:36:06.000Z,1.74700,-0.806000,-1.08700,1.09600
2008-08-12T21:36:22.000Z,1.71000,-0.786000,-1.01800,1.12300
2008-08-12T21:36:38.000Z,1.81400,-0.691000,-1.13100,1.23000
2008-08-12T21:36:54.000Z,1.70500,-0.680000,-1.09300,1.11000
2008-08-12T21:37:10.000Z,1.73200,-0.729000,-1.07800,1.13800
2008-08-12T21:37:26.000Z,1.72700,-0.620000,-1.16000,1.11500
2008-08-12T21:37:42.000Z,1.72800,-0.700000,-1.19000,1.02500
2008-08-12T21:37:58.000Z,1.76800,-0.510000,-1.26700,1.11400
2008-08-12T21:38:14.000Z,1.61900,-0.564000,-1.18800,0.939000
2008-08-12T21:38:30.000Z,1.31300,-0.481000,-0.939000,0.776000
2008-08-12T21:38:46.000Z,0.959000,-0.342000,-0.682000,0.571000
2008-08-12T21:39:02.000Z,1.20100,-0.516000,-0.868000,0.632000
2008-08-12T21:39:18.000Z,1.34900,-0.568000,-1.10800,0.499000
2008-08-12T21:39:34.000Z,1.41900,-0.586000,-1.16400,0.543000
2008-08-12T21:39:50.000Z,1.26700,-0.138000,-1.18700,-0.00200000
2008-08-12T21:40:06.000Z,1.75400,0.478000,-1.32300,-1.01000
2008-08-12T21:40:22.000Z,1.52000,-0.128000,-1.16400,-0.232000
2008-08-12T21:40:38.000Z,1.41300,-0.606000,-1.16500,0.462000
2008-08-12T21:40:54.000Z,1.61100,-0.774000,-1.32300,0.471000
2008-08-12T21:41:10.000Z,1.83100,-0.810000,-1.57300,0.439000
2008-08-12T21:41:26.000Z,1.78500,-0.808000,-1.55100,0.297000
2008-08-12T21:41:42.000Z,1.81700,-0.698000,-1.66000,0.205000
2008-08-12T21:41:58.000Z,1.65800,-0.656000,-1.49800,0.233000
2008-08-12T21:42:14.000Z,1.79400,-0.864000,-1.53100,0.334000
2008-08-12T21:42:30.000Z,1.87600,-0.925000,-1.61600,0.0260000
2008-08-12T21:42:46.000Z,1.69700,-0.797000,-1.48800,-0.146000
2008-08-12T21:43:02.000Z,1.59800,-0.738000,-1.39800,-0.199000
2008-08-12T21:43:18.000Z,1.69800,-0.778000,-1.49500,-0.165000
2008-08-12T21:43:34.000Z,1.90400,-1.03100,-1.58900,-0.107000
2008-08-12T21:43:50.000Z,1.93800,-1.04800,-1.61500,-0.144000
2008-08-12T21:44:06.000Z,1.95000,-1.00200,-1.66000,-0.0470000
2008-08-12T21:44:22.000Z,1.96300,-1.09700,-1.62200,0.0150000
2008-08-12T21:44:38.000Z,1.92400,-0.977000,-1.64400,0.162000
2008-08-12T21:44:54.000Z,1.81100,-0.771000,-1.53000,0.574000
2008-08-12T21:45:10.000Z,1.76400,-0.738000,-1.50400,0.538000
2008-08-12T21:45:26.000Z,1.87500,-0.790000,-1.63300,0.452000
2008-08-12T21:45:42.000Z,1.89000,-0.831000,-1.55800,-0.526000
2008-08-12T21:45:58.000Z,1.86600,-0.844000,-1.25000,-1.05600
2008-08-12T21:46:14.000Z,1.91000,-0.918000,-1.27500,-1.07700
2008-08-12T21:46:30.000Z,1.94100,-1.02700,-1.36000,-0.925000
2008-08-12T21:46:46.000Z,1.78700,-1.17700,-1.22300,-0.518000
2008-08-12T21:47:02.000Z,1.62300,-1.20100,-1.07400,-0.151000
2008-08-12T21:47:18.000Z,1.63800,-1.33700,-0.914000,0.0480000
2008-08-12T21:47:34.000Z,1.87300,-1.37600,-0.971000,-0.753000
2008-08-12T21:47:50.000Z,1.92300,-1.29500,-0.942000,-1.04000
2008-08-12T21:48:06.000Z,1.90000,-1.10700,-0.868000,-1.27200
2008-08-12T21:48:22.000Z,1.91100,-1.22400,-0.778000,-1.23600
2008-08-12T21:48:38.000Z,1.92500,-1.12900,-0.795000,-1.33600
2008-08-12T21:48:54.000Z,1.88700,-1.03200,-0.733000,-1.39700
2008-08-12T21:49:10.000Z,1.85400,-0.987000,-0.629000,-1.43400
2008-08-12T21:49:26.000Z,1.95300,-1.02900,-0.620000,-1.53500
2008-08-12T21:49:42.000Z,1.94200,-1.03400,-0.473000,-1.57100
2008-08-12T21:49:58.000Z,1.80700,-0.732000,-0.535000,-1.55600
2008-08-12T21:50:14.000Z,1.84300,-0.729000,-0.475000,-1.61400
2008-08-12T21:50:30.000Z,1.83800,-0.814000,-0.586000,-1.48400
2008-08-12T21:50:46.000Z,1.88800,-0.794000,-1.02500,-1.36000
2008-08-12T21:51:02.000Z,2.01600,-0.898000,-0.949000,-1.52900
2008-08-12T21:51:18.000Z,2.00600,-0.936000,-0.964000,-1.48600
2008-08-12T21:51:34.000Z,2.02700,-0.870000,-0.894000,-1.58600
2008-08-12T21:51:50.000Z,1.98900,-0.654000,-0.416000,-1.81100
2008-08-12T21:52:06.000Z,2.04700,0.0700000,0.0340000,-2.04100
2008-08-12T21:52:22.000Z,2.00600,-0.211000,-0.0510000,-1.99200
2008-08-12T21:52:38.000Z,1.94900,-0.359000,-0.0900000,-1.90800
2008-08-12T21:52:54.000Z,1.88300,-0.308000,-0.0170000,-1.85600
2008-08-12T21:53:10.000Z,1.91700,-0.434000,-0.307000,-1.83400
2008-08-12T21:53:26.000Z,1.98500,-0.534000,-0.284000,-1.88800
2008-08-12T21:53:42.000Z,1.91900,-0.642000,-0.387000,-1.76200
2008-08-12T21:53:58.000Z,1.85100,-0.491000,-0.301000,-1.75100
2008-08-12T21:54:14.000Z,1.81300,-0.664000,-0.478000,-1.59500
2008-08-12T21:54:30.000Z,1.74400,-1.00300,-0.666000,-1.25800
2008-08-12T21:54:46.000Z,1.82300,-0.910000,-0.533000,-1.48300
2008-08-12T21:55:02.000Z,1.81600,-0.790000,-0.385000,-1.58500
2008-08-12T21:55:18.000Z,1.80700,-0.911000,-0.683000,-1.40000
2008-08-12T21:55:34.000Z,1.84200,-0.940000,-0.664000,-1.43400
2008-08-12T21:55:50.000Z,1.90300,-0.234000,-0.291000,-1.84700
2008-08-12T21:56:06.000Z,1.92400,-0.0980000,-0.346000,-1.88200
2008-08-12T21:56:22.000Z,1.93600,-0.247000,-0.354000,-1.88300
2008-08-12T21:56:38.000Z,1.89700,-0.167000,-0.235000,-1.87100
2008-08-12T21:56:54.000Z,1.90800,-0.262000,-0.347000,-1.85500
2008-08-12T21:57:10.000Z,1.89300,-0.231000,-0.345000,-1.83600
2008-08-12T21:57:26.000Z,1.82800,-0.276000,-0.472000,-1.73500
2008-08-12T21:57:42.000Z,1.75500,-0.382000,-0.296000,-1.67300
2008-08-12T21:57:58.000Z,1.71700,-0.363000,-0.231000,-1.65800
2008-08-12T21:58:14.000Z,1.79500,-0.605000,-0.174000,-1.65400
2008-08-12T21:58:30.000Z,1.87800,-0.549000,-0.124000,-1.78600
2008-08-12T21:58:46.000Z,1.76000,-0.562000,-0.271000,-1.62300
2008-08-12T21:59:02.000Z,1.65600,-0.405000,-0.420000,-1.53800
2008-08-12T21:59:18.000Z,1.59600,-0.414000,-0.186000,-1.51900
2008-08-12T21:59:34.000Z,1.60900,-0.337000,0.0130000,-1.56200
2008-08-12T21:59:50.000Z,1.72000,-0.371000,0.199000,-1.66000
2008-08-12T22:00:06.000Z,1.67700,-0.307000,0.234000,-1.62700
2008-08-12T22:00:22.000Z,1.77500,-0.317000,0.266000,-1.71800
2008-08-12T22:00:38.000Z,1.82800,-0.226000,0.533000,-1.72800
2008-08-12T22:00:54.000Z,1.87400,-0.206000,0.749000,-1.69900
2008-08-12T22:01:10.000Z,1.79400,-0.0830000,0.734000,-1.63000
2008-08-12T22:01:26.000Z,1.81100,-0.230000,0.942000,-1.51500
2008-08-12T22:01:42.000Z,1.81800,-0.0610000,0.922000,-1.56000
2008-08-12T22:01:58.000Z,1.81300,-0.00500000,0.817000,-1.61200
2008-08-12T22:02:14.000Z,1.88700,-0.0450000,0.496000,-1.81000
2008-08-12T22:02:30.000Z,1.66500,0.105000,0.363000,-1.61300
2008-08-12T22:02:46.000Z,1.43700,-0.0280000,-0.367000,-1.33900
2008-08-12T22:03:02.000Z,1.61700,-0.169000,-1.02700,-1.23200
2008-08-12T22:03:18.000Z,1.34200,-0.332000,-0.366000,-1.22400
2008-08-12T22:03:34.000Z,1.39900,-0.297000,-0.253000,-1.33600
2008-08-12T22:03:50.000Z,1.48500,0.0940000,-0.359000,-1.41600
2008-08-12T22:04:06.000Z,1.47300,-0.0770000,-0.112000,-1.46100
2008-08-12T22:04:22.000Z,1.60200,0.141000,-0.445000,-1.51900
2008-08-12T22:04:38.000Z,1.71500,0.407000,0.329000,-1.39000
2008-08-12T22:04:54.000Z,1.93000,1.01900,1.37700,-0.858000
2008-08-12T22:05:10.000Z,1.89500,0.820000,1.35100,-1.03700
2008-08-12T22:05:26.000Z,2.04600,0.896000,1.49600,-1.06300
2008-08-12T22:05:42.000Z,1.91100,0.762000,1.24400,-1.09400
2008-08-12T22:05:58.000Z,1.67600,0.381000,0.553000,-1.52800
2008-08-12T22:06:14.000Z,1.50000,0.224000,0.520000,-1.38300
2008-08-12T22:06:30.000Z,1.46500,0.417000,0.598000,-1.26100
2008-08-12T22:06:46.000Z,1.59200,0.560000,0.792000,-1.25700
2008-08-12T22:07:02.000Z,1.68300,0.659000,0.981000,-1.19100
2008-08-12T22:07:18.000Z,1.68200,0.821000,0.555000,-1.35500
2008-08-12T22:07:34.000Z,1.62800,0.675000,0.478000,-1.38900
2008-08-12T22:07:50.000Z,1.63200,1.02800,-0.0790000,-1.23300
2008-08-12T22:08:06.000Z,1.64900,1.02300,-0.307000,-1.23300
2008-08-12T22:08:22.000Z,1.59500,0.606000,0.0720000,-1.44900
2008-08-12T22:08:38.000Z,1.80000,1.00200,-0.0150000,-1.49200
2008-08-12T22:08:54.000Z,1.69200,0.775000,0.317000,-1.44300
2008-08-12T22:09:10.000Z,1.89100,1.19700,0.527000,-1.35600
2008-08-12T22:09:26.000Z,1.85600,1.14100,0.546000,-1.35200
2008-08-12T22:09:42.000Z,1.84200,0.930000,0.500000,-1.50600
2008-08-12T22:09:58.000Z,1.89100,0.937000,0.604000,-1.52300
2008-08-12T22:10:14.000Z,1.87800,0.913000,0.409000,-1.58500
2008-08-12T22:10:30.000Z,1.84700,0.801000,0.467000,-1.59200
2008-08-12T22:10:46.000Z,1.91300,0.917000,0.592000,-1.56400
2008-08-12T22:11:02.000Z,2.04300,1.13300,0.734000,-1.52500
2008-08-12T22:11:18.000Z,2.03100,1.30700,0.930000,-1.23900
2008-08-12T22:11:34.000Z,1.94300,1.19600,0.895000,-1.23900
2008-08-12T22:11:50.000Z,2.06100,1.32600,0.958000,-1.24700
2008-08-12T22:12:06.000Z,1.80200,0.729000,0.852000,-1.25500
2008-08-12T22:12:22.000Z,1.66500,1.15400,0.377000,-0.824000
2008-08-12T22:12:38.000Z,1.60200,0.0150000,-0.626000,-1.46200
2008-08-12T22:12:54.000Z,1.48500,-0.106000,-0.478000,-1.38200
2008-08-12T22:13:10.000Z,1.56100,0.214000,-1.02200,-1.10300
2008-08-12T22:13:26.000Z,1.57900,0.424000,-0.986000,-1.13000
2008-08-12T22:13:42.000Z,1.44100,0.162000,-0.923000,-0.951000
2008-08-12T22:13:58.000Z,1.53300,0.667000,-0.386000,-1.21700
2008-08-12T22:14:14.000Z,1.58000,0.914000,-0.125000,-1.22500
2008-08-12T22:14:30.000Z,1.78400,1.18400,-0.102000,-1.32200
2008-08-12T22:14:46.000Z,1.83600,1.22700,-0.0810000,-1.36100
2008-08-12T22:15:02.000Z,1.79800,1.16100,-0.0530000,-1.36600
2008-08-12T22:15:18.000Z,1.76900,1.15600,0.0320000,-1.33400
2008-08-12T22:15:34.000Z,1.75800,1.16500,0.105000,-1.30800
2008-08-12T22:15:50.000Z,1.72200,1.27300,0.228000,-1.12800
2008-08-12T22:16:06.000Z,1.73200,1.20100,0.00400000,-1.24200
2008-08-12T22:16:22.000Z,1.79700,1.25500,0.0430000,-1.28000
2008-08-12T22:16:38.000Z,1.77100,1.23700,0.135000,-1.24900
2008-08-12T22:16:54.000Z,1.81800,1.34000,0.0880000,-1.21900
2008-08-12T22:17:10.000Z,1.99500,1.68900,0.153000,-1.04400
2008-08-12T22:17:26.000Z,1.87100,1.68000,0.253000,-0.771000
2008-08-12T22:17:42.000Z,1.76300,1.61900,0.160000,-0.672000
2008-08-12T22:17:58.000Z,1.72400,1.57200,0.174000,-0.677000
2008-08-12T22:18:14.000Z,1.82100,1.64700,0.239000,-0.726000
2008-08-12T22:18:30.000Z,1.39700,0.812000,-0.179000,-0.834000
2008-08-12T22:18:46.000Z,1.06000,-0.488000,-0.683000,-0.629000
2008-08-12T22:19:02.000Z,1.07600,0.491000,-0.362000,-0.676000
2008-08-12T22:19:18.000Z,1.38500,1.22100,-0.165000,-0.625000
2008-08-12T22:19:34.000Z,1.50200,1.27500,-0.124000,-0.774000
2008-08-12T22:19:50.000Z,1.39600,1.08500,-0.200000,-0.842000
2008-08-12T22:20:06.000Z,1.39100,0.990000,-0.107000,-0.952000
2008-08-12T22:20:22.000Z,1.58500,1.25500,-0.0650000,-0.922000
2008-08-12T22:20:38.000Z,1.77700,1.72900,-0.0760000,-0.376000
2008-08-12T22:20:54.000Z,1.60600,1.37400,-0.112000,-0.768000
2008-08-12T22:21:10.000Z,1.45000,1.18000,-0.224000,-0.801000
2008-08-12T22:21:26.000Z,1.49400,1.25700,-0.167000,-0.783000
2008-08-12T22:21:42.000Z,1.58700,1.35500,-0.134000,-0.808000
2008-08-12T22:21:58.000Z,1.66300,1.38600,-0.0740000,-0.907000
2008-08-12T22:22:14.000Z,1.56300,1.27400,-0.101000,-0.895000
2008-08-12T22:22:30.000Z,1.44700,1.25900,0.119000,-0.672000
2008-08-12T22:22:46.000Z,1.16700,0.981000,0.0390000,-0.609000
2008-08-12T22:23:02.000Z,0.925000,0.751000,-0.0130000,-0.519000
2008-08-12T22:23:18.000Z,0.808000,0.607000,-0.0370000,-0.500000
2008-08-12T22:23:34.000Z,1.44500,0.579000,0.127000,-1.22100
2008-08-12T22:23:50.000Z,1.51700,0.715000,-0.908000,-0.969000
2008-08-12T22:24:06.000Z,1.42400,0.502000,-0.676000,-1.13100
2008-08-12T22:24:22.000Z,1.29300,0.248000,-0.712000,-1.03700
2008-08-12T22:24:38.000Z,1.33000,0.228000,-0.470000,-1.20700
2008-08-12T22:24:54.000Z,1.31300,0.234000,-0.268000,-1.26000
2008-08-12T22:25:10.000Z,1.43500,0.609000,-0.270000,-1.23800
2008-08-12T22:25:26.000Z,1.70900,1.21000,-0.125000,-1.18200
2008-08-12T22:25:42.000Z,1.67600,1.12600,0.190000,-1.20300
2008-08-12T22:25:58.000Z,1.62900,0.972000,-0.179000,-1.26700
2008-08-12T22:26:14.000Z,1.79300,1.30100,0.423000,-1.12700
2008-08-12T22:26:30.000Z,1.28200,0.876000,0.315000,-0.827000
2008-08-12T22:26:46.000Z,1.24400,0.982000,0.463000,-0.576000
2008-08-12T22:27:02.000Z,0.383000,-0.0140000,-0.0550000,-0.119000
2008-08-12T22:27:18.000Z,0.728000,-0.311000,-0.578000,0.152000
2008-08-12T22:27:34.000Z,1.32800,-0.800000,-0.991000,0.315000
2008-08-12T22:27:50.000Z,1.32200,-1.07500,-0.726000,0.242000
2008-08-12T22:28:06.000Z,1.23800,-1.01700,-0.676000,0.182000
2008-08-12T22:28:22.000Z,1.23200,-1.04900,-0.634000,0.0250000
2008-08-12T22:28:38.000Z,1.37800,-1.22000,-0.605000,0.00900000
2008-08-12T22:28:54.000Z,1.54800,-1.34400,-0.722000,0.236000
2008-08-12T22:29:10.000Z,1.46500,-1.32700,-0.601000,0.127000
2008-08-12T22:29:26.000Z,1.44300,-1.31900,-0.556000,0.161000
2008-08-12T22:29:42.000Z,1.41400,-1.30300,-0.528000,0.121000
2008-08-12T22:29:58.000Z,1.53600,-1.43700,-0.522000,0.110000
2008-08-12T22:30:14.000Z,1.50100,-1.39200,-0.543000,0.117000
2008-08-12T22:30:30.000Z,1.46800,-1.35000,-0.564000,0.0980000
2008-08-12T22:30:46.000Z,1.35400,-1.24500,-0.516000,0.0940000
2008-08-12T22:31:02.000Z,1.38500,-1.28400,-0.498000,0.0930000
2008-08-12T22:31:18.000Z,1.31100,-1.16000,-0.596000,0.123000
2008-08-12T22:31:34.000Z,1.37100,-1.20200,-0.639000,0.161000
2008-08-12T22:31:50.000Z,1.32000,-1.11800,-0.683000,0.155000
2008-08-12T22:32:06.000Z,1.35200,-1.14300,-0.708000,0.119000
2008-08-12T22:32:22.000Z,1.55700,-1.33100,-0.803000,0.0530000
2008-08-12T22:32:38.000Z,1.53000,-1.28000,-0.831000,0.0800000
2008-08-12T22:32:54.000Z,1.53000,-1.31000,-0.774000,0.137000
2008-08-12T22:33:10.000Z,1.46100,-1.23600,-0.750000,0.182000
2008-08-12T22:33:26.000Z,1.44400,-1.23300,-0.696000,0.261000
2008-08-12T22:33:42.000Z,1.52300,-1.32200,-0.637000,0.392000
2008-08-12T22:33:58.000Z,1.38300,-1.09300,-0.581000,0.492000
2008-08-12T22:34:14.000Z,1.37000,-0.905000,-0.649000,0.782000
2008-08-12T22:34:30.000Z,1.46900,-1.15000,-0.663000,0.615000
2008-08-12T22:34:46.000Z,1.56700,-1.16300,-0.776000,0.629000
2008-08-12T22:35:02.000Z,1.81000,-1.50200,-0.952000,-0.315000
2008-08-12T22:35:18.000Z,1.69400,-1.39100,-0.898000,-0.341000
2008-08-12T22:35:34.000Z,1.62600,-1.31100,-0.880000,-0.372000
2008-08-12T22:35:50.000Z,1.48600,-1.23800,-0.688000,-0.425000
2008-08-12T22:36:06.000Z,1.34800,-0.903000,-0.899000,0.00500000
2008-08-12T22:36:22.000Z,1.25300,-0.700000,-0.996000,0.0700000
2008-08-12T22:36:38.000Z,1.16200,-0.725000,-0.733000,0.380000
2008-08-12T22:36:54.000Z,1.16600,-0.848000,-0.537000,0.570000
2008-08-12T22:37:10.000Z,1.22500,-0.893000,-0.791000,0.201000
2008-08-12T22:37:26.000Z,1.11400,-0.720000,-0.824000,-0.107000
2008-08-12T22:37:42.000Z,1.12300,-0.683000,-0.858000,-0.219000
2008-08-12T22:37:58.000Z,1.15300,-0.776000,-0.822000,-0.203000
2008-08-12T22:38:14.000Z,1.23000,-0.726000,-0.937000,-0.0300000
2008-08-12T22:38:30.000Z,1.30700,-0.578000,-1.16200,0.0780000
2008-08-12T22:38:46.000Z,1.20000,-0.452000,-0.771000,0.578000
2008-08-12T22:39:02.000Z,1.21000,-0.416000,-0.722000,0.857000
2008-08-12T22:39:18.000Z,1.26100,-0.449000,-0.853000,0.807000
2008-08-12T22:39:34.000Z,1.26000,-0.771000,-0.685000,0.698000
2008-08-12T22:39:50.000Z,1.20800,-0.918000,-0.611000,0.485000
2008-08-12T22:40:06.000Z,1.20000,-0.891000,-0.644000,0.459000
2008-08-12T22:40:22.000Z,1.25400,-0.917000,-0.668000,0.516000
2008-08-12T22:40:38.000Z,1.29800,-0.998000,-0.667000,0.488000
2008-08-12T22:40:54.000Z,1.29300,-1.02600,-0.674000,0.400000
2008-08-12T22:41:10.000Z,1.24800,-1.06100,-0.375000,0.509000
2008-08-12T22:41:26.000Z,1.18000,-1.09400,-0.217000,0.351000
2008-08-12T22:41:42.000Z,1.27700,-1.24800,-0.234000,-0.0110000
2008-08-12T22:41:58.000Z,1.33900,-1.33000,-0.135000,0.00400000
2008-08-12T22:42:14.000Z,1.43200,-1.42600,-0.112000,0.0130000
2008-08-12T22:42:30.000Z,1.49300,-1.47700,-0.160000,-0.125000
2008-08-12T22:42:46.000Z,1.63100,-1.61700,-0.142000,-0.154000
2008-08-12T22:43:02.000Z,1.64800,-1.63000,-0.140000,-0.181000
2008-08-12T22:43:18.000Z,1.66600,-1.63300,-0.104000,-0.305000
2008-08-12T22:43:34.000Z,1.70500,-1.67600,-0.0280000,-0.303000
2008-08-12T22:43:50.000Z,1.76100,-1.72500,-0.0420000,-0.344000
2008-08-12T22:44:06.000Z,1.82500,-1.77900,0.0460000,-0.397000
2008-08-12T22:44:22.000Z,1.71400,-1.66500,0.134000,-0.376000
2008-08-12T22:44:38.000Z,1.71900,-1.65200,0.147000,-0.445000
2008-08-12T22:44:54.000Z,1.75800,-1.71800,0.163000,-0.307000
2008-08-12T22:45:10.000Z,1.68400,-1.57900,0.142000,-0.545000
2008-08-12T22:45:26.000Z,1.44500,-1.17600,-0.249000,-0.786000
2008-08-12T22:45:42.000Z,1.54600,-1.31000,-0.158000,-0.789000
2008-08-12T22:45:58.000Z,1.45900,-1.25200,0.0600000,-0.739000
2008-08-12T22:46:14.000Z,1.52400,-1.23100,0.0150000,-0.890000
2008-08-12T22:46:30.000Z,1.44600,-1.16900,0.282000,-0.786000
2008-08-12T22:46:46.000Z,1.62700,-1.39600,0.377000,-0.731000
2008-08-12T22:47:02.000Z,1.55300,-1.32200,0.357000,-0.716000
2008-08-12T22:47:18.000Z,1.43600,-1.20900,0.139000,-0.757000
2008-08-12T22:47:34.000Z,1.45300,-1.19700,0.348000,-0.735000
2008-08-12T22:47:50.000Z,1.47600,-0.997000,0.307000,-1.03700
2008-08-12T22:48:06.000Z,1.38100,-0.765000,0.265000,-1.10900
2008-08-12T22:48:22.000Z,1.38700,-0.659000,0.235000,-1.18600
2008-08-12T22:48:38.000Z,1.40000,-0.716000,0.206000,-1.16900
2008-08-12T22:48:54.000Z,1.47800,-0.806000,0.170000,-1.21800
2008-08-12T22:49:10.000Z,1.41800,-0.894000,0.252000,-1.06900
2008-08-12T22:49:26.000Z,1.42200,-1.06800,0.531000,-0.757000
2008-08-12T22:49:42.000Z,1.45100,-1.07900,0.530000,-0.796000
2008-08-12T22:49:58.000Z,1.37200,-0.904000,0.578000,-0.820000
2008-08-12T22:50:14.000Z,1.33500,-0.885000,0.541000,-0.834000
2008-08-12T22:50:30.000Z,1.29800,-0.917000,0.308000,-0.861000
2008-08-12T22:50:46.000Z,1.23000,-0.685000,0.278000,-0.971000
2008-08-12T22:51:02.000Z,1.10300,-0.507000,0.289000,-0.931000
2008-08-12T22:51:18.000Z,0.842000,-0.371000,0.111000,-0.736000
2008-08-12T22:51:34.000Z,0.804000,-0.331000,0.127000,-0.713000
2008-08-12T22:51:50.000Z,0.925000,-0.520000,0.0390000,-0.756000
2008-08-12T22:52:06.000Z,0.690000,-0.350000,0.00900000,-0.575000
2008-08-12T22:52:22.000Z,0.624000,-0.339000,-0.100000,-0.501000
2008-08-12T22:52:38.000Z,0.667000,-0.341000,-0.0920000,-0.554000
2008-08-12T22:52:54.000Z,0.835000,-0.477000,-0.0170000,-0.676000
2008-08-12T22:53:10.000Z,0.830000,-0.463000,-0.108000,-0.652000
2008-08-12T22:53:26.000Z,0.796000,-0.525000,-0.194000,-0.524000
2008-08-12T22:53:42.000Z,0.578000,-0.446000,0.212000,-0.248000
2008-08-12T22:53:58.000Z,0.690000,-0.612000,0.0980000,-0.260000
2008-08-12T22:54:14.000Z,0.859000,-0.836000,0.0620000,-0.134000
2008-08-12T22:54:30.000Z,0.729000,-0.719000,-0.0260000,-0.0520000
2008-08-12T22:54:46.000Z,0.502000,-0.445000,-0.111000,0.0930000
2008-08-12T22:55:02.000Z,0.712000,0.303000,-0.232000,-0.319000
2008-08-12T22:55:18.000Z,0.452000,0.0250000,0.00900000,-0.337000
2008-08-12T22:55:34.000Z,1.25600,0.243000,-0.898000,-0.825000
2008-08-12T22:55:50.000Z,1.36800,0.287000,-0.793000,-1.06800
2008-08-12T22:56:06.000Z,1.39700,0.505000,-0.607000,-1.13800
2008-08-12T22:56:22.000Z,1.41900,0.298000,-0.842000,-1.06100
2008-08-12T22:56:38.000Z,1.56600,0.527000,-1.07800,-0.949000
2008-08-12T22:56:54.000Z,1.38600,0.535000,-0.711000,-1.05200
2008-08-12T22:57:10.000Z,1.42200,0.425000,-0.663000,-1.15900
2008-08-12T22:57:26.000Z,1.63000,0.558000,-0.788000,-1.30100
2008-08-12T22:57:42.000Z,1.52100,0.465000,-0.610000,-1.30300
2008-08-12T22:57:58.000Z,1.44300,0.568000,-0.524000,-1.21400
2008-08-12T22:58:14.000Z,1.52100,0.630000,-0.438000,-1.30800
2008-08-12T22:58:30.000Z,1.55700,0.690000,-0.446000,-1.31900
2008-08-12T22:58:46.000Z,1.72700,0.677000,-0.488000,-1.50600
2008-08-12T22:59:02.000Z,1.84300,0.790000,-0.309000,-1.63200
2008-08-12T22:59:18.000Z,1.78600,0.733000,-0.315000,-1.59500
2008-08-12T22:59:34.000Z,1.84500,0.871000,-0.348000,-1.58300
2008-08-12T22:59:50.000Z,1.82500,0.980000,-0.255000,-1.51500
2008-08-12T23:00:06.000Z,1.87500,1.08000,-0.267000,-1.50400
2008-08-12T23:00:22.000Z,1.89000,1.01700,-0.358000,-1.54400
2008-08-12T23:00:38.000Z,1.89300,1.04200,-0.325000,-1.54400
2008-08-12T23:00:54.000Z,1.89300,0.975000,-0.459000,-1.55200
2008-08-12T23:01:10.000Z,1.87200,0.854000,-0.479000,-1.58900
2008-08-12T23:01:26.000Z,1.78500,0.732000,-0.579000,-1.51800
2008-08-12T23:01:42.000Z,1.81500,0.521000,-0.728000,-1.55100
2008-08-12T23:01:58.000Z,1.57500,0.0720000,-0.916000,-1.26400
2008-08-12T23:02:14.000Z,1.44600,0.00200000,-1.09300,-0.936000
2008-08-12T23:02:30.000Z,1.55000,0.0760000,-1.21600,-0.954000
2008-08-12T23:02:46.000Z,1.52000,-0.0800000,-1.17300,-0.959000
2008-08-12T23:03:02.000Z,1.60000,-0.0560000,-1.20100,-1.05100
2008-08-12T23:03:18.000Z,1.62400,-0.0430000,-1.11800,-1.17300
2008-08-12T23:03:34.000Z,1.51300,-0.0810000,-0.993000,-1.13000
2008-08-12T23:03:50.000Z,1.48600,0.111000,-0.756000,-1.26200
2008-08-12T23:04:06.000Z,1.49500,0.0910000,-0.740000,-1.28900
2008-08-12T23:04:22.000Z,1.44800,-0.125000,-0.782000,-1.20800
2008-08-12T23:04:38.000Z,1.62000,0.286000,-0.609000,-1.45800
2008-08-12T23:04:54.000Z,1.72000,0.450000,-0.526000,-1.57000
2008-08-12T23:05:10.000Z,1.67700,0.492000,-0.380000,-1.55200
2008-08-12T23:05:26.000Z,1.73400,0.454000,-0.408000,-1.61600
2008-08-12T23:05:42.000Z,1.73600,0.363000,-0.412000,-1.64100
2008-08-12T23:05:58.000Z,1.73900,0.475000,-0.521000,-1.58200
2008-08-12T23:06:14.000Z,1.73400,0.490000,-0.712000,-1.49600
2008-08-12T23:06:30.000Z,1.76600,0.690000,-0.746000,-1.43900
2008-08-12T23:06:46.000Z,1.79200,0.707000,-0.936000,-1.35100
2008-08-12T23:07:02.000Z,1.86400,0.899000,-0.668000,-1.48000
2008-08-12T23:07:18.000Z,1.81000,0.820000,-0.294000,-1.58300
2008-08-12T23:07:34.000Z,1.92200,0.791000,-0.423000,-1.69700
2008-08-12T23:07:50.000Z,1.92300,0.744000,-0.427000,-1.71800
2008-08-12T23:08:06.000Z,1.71500,0.515000,-0.689000,-1.42000
2008-08-12T23:08:22.000Z,1.61200,0.453000,-0.856000,-1.27000
2008-08-12T23:08:38.000Z,1.66600,0.508000,-0.651000,-1.44200
2008-08-12T23:08:54.000Z,1.67100,0.390000,-0.788000,-1.41300
2008-08-12T23:09:10.000Z,1.77000,0.516000,-0.914000,-1.42000
2008-08-12T23:09:26.000Z,1.77800,0.558000,-0.739000,-1.48600
2008-08-12T23:09:42.000Z,2.08600,1.04100,-0.385000,-1.76100
2008-08-12T23:09:58.000Z,2.18300,1.10000,-0.365000,-1.84000
2008-08-12T23:10:14.000Z,2.18300,1.04000,-0.418000,-1.86900
2008-08-12T23:10:30.000Z,2.18500,1.11300,-0.351000,-1.84500
2008-08-12T23:10:46.000Z,2.20100,1.08300,-0.278000,-1.89400
2008-08-12T23:11:02.000Z,2.12800,1.02900,-0.202000,-1.84900
2008-08-12T23:11:18.000Z,2.16400,1.14800,-0.159000,-1.82400
2008-08-12T23:11:34.000Z,2.12100,1.20900,-0.0340000,-1.73800
2008-08-12T23:11:50.000Z,2.04600,1.11100,0.0450000,-1.71200
2008-08-12T23:12:06.000Z,2.12300,0.975000,-0.00800000,-1.88000
2008-08-12T23:12:22.000Z,2.13500,1.15900,0.109000,-1.77700
2008-08-12T23:12:38.000Z,2.19800,1.31000,0.316000,-1.72600
2008-08-12T23:12:54.000Z,2.03800,1.20300,0.204000,-1.59000
2008-08-12T23:13:10.000Z,2.02000,1.12300,-0.0750000,-1.62000
2008-08-12T23:13:26.000Z,1.92700,0.807000,-0.237000,-1.66900
2008-08-12T23:13:42.000Z,1.99700,0.974000,-0.354000,-1.70100
2008-08-12T23:13:58.000Z,2.00400,0.938000,-0.260000,-1.74100
2008-08-12T23:14:14.000Z,2.06600,1.14600,-0.204000,-1.70500
2008-08-12T23:14:30.000Z,1.93900,0.793000,-0.355000,-1.72600
2008-08-12T23:14:46.000Z,1.86700,0.749000,-0.336000,-1.67100
2008-08-12T23:15:02.000Z,1.88300,0.927000,-0.235000,-1.61700
2008-08-12T23:15:18.000Z,1.51900,0.691000,-0.183000,-1.33500
2008-08-12T23:15:34.000Z,1.43200,0.553000,-0.0510000,-1.31600
2008-08-12T23:15:50.000Z,2.07800,1.00800,-0.364000,-1.77300
2008-08-12T23:16:06.000Z,2.12400,1.03700,-0.236000,-1.83700
2008-08-12T23:16:22.000Z,2.12800,0.978000,-0.324000,-1.86100
2008-08-12T23:16:38.000Z,1.79200,0.913000,-0.308000,-1.51000
2008-08-12T23:16:54.000Z,2.17000,1.00000,-0.240000,-1.90800
2008-08-12T23:17:10.000Z,2.10900,1.08800,-0.286000,-1.78000
2008-08-12T23:17:26.000Z,2.13800,1.02700,-0.236000,-1.85600
2008-08-12T23:17:42.000Z,2.14800,1.02100,-0.282000,-1.86600
2008-08-12T23:17:58.000Z,2.10400,0.896000,-0.389000,-1.86100
2008-08-12T23:18:14.000Z,2.14400,1.00100,-0.375000,-1.85700
2008-08-12T23:18:30.000Z,2.08900,0.970000,-0.295000,-1.82500
2008-08-12T23:18:46.000Z,1.95000,1.18400,-0.0690000,-1.54500
2008-08-12T23:19:02.000Z,1.83000,0.915000,-0.188000,-1.55300
2008-08-12T23:19:18.000Z,1.90300,0.903000,-0.271000,-1.65000
2008-08-12T23:19:34.000Z,1.88200,1.09200,-0.123000,-1.52500
2008-08-12T23:19:50.000Z,2.06000,1.12800,-0.192000,-1.71200
2008-08-12T23:20:06.000Z,1.53500,0.639000,-0.310000,-1.31100
2008-08-12T23:20:22.000Z,0.901000,0.122000,-0.300000,-0.834000
2008-08-12T23:20:38.000Z,1.00800,0.0990000,-0.248000,-0.969000
2008-08-12T23:20:54.000Z,1.30800,0.438000,-0.392000,-1.15900
2008-08-12T23:21:10.000Z,1.57100,0.398000,-0.432000,-1.45500
2008-08-12T23:21:26.000Z,1.61200,0.420000,-0.447000,-1.48800
2008-08-12T23:21:42.000Z,1.68000,0.537000,-0.447000,-1.52400
2008-08-12T23:21:58.000Z,1.77200,0.579000,-0.319000,-1.64300
2008-08-12T23:22:14.000Z,1.97000,0.800000,-0.244000,-1.77700
2008-08-12T23:22:30.000Z,2.14700,0.954000,-0.426000,-1.86900
2008-08-12T23:22:46.000Z,2.46000,1.47500,-0.204000,-1.95100
2008-08-12T23:23:02.000Z,2.42600,1.48100,-0.133000,-1.91100
2008-08-12T23:23:18.000Z,2.41400,1.41800,-0.137000,-1.94100
2008-08-12T23:23:34.000Z,2.32300,1.40200,-0.0120000,-1.84500
2008-08-12T23:23:50.000Z,2.30400,1.40300,-0.143000,-1.81700
2008-08-12T23:24:06.000Z,2.37100,1.42000,-0.264000,-1.87800
2008-08-12T23:24:22.000Z,2.38900,1.27500,-0.422000,-1.97100
2008-08-12T23:24:38.000Z,2.43200,1.33800,-0.349000,-1.99700
2008-08-12T23:24:54.000Z,2.50600,1.42400,-0.273000,-2.04100
2008-08-12T23:25:10.000Z,2.41000,1.34200,-0.425000,-1.95200
2008-08-12T23:25:26.000Z,2.41700,1.43400,-0.126000,-1.90400
2008-08-12T23:25:42.000Z,2.44400,1.67600,0.162000,-1.76700
2008-08-12T23:25:58.000Z,2.39400,1.56400,0.0870000,-1.79900
2008-08-12T23:26:14.000Z,2.45100,1.71600,0.216000,-1.73100
2008-08-12T23:26:30.000Z,2.30700,1.46600,-0.0560000,-1.77200
2008-08-12T23:26:46.000Z,2.22500,1.48500,0.0270000,-1.64500
2008-08-12T23:27:02.000Z,2.31300,1.69300,0.164000,-1.56000
2008-08-12T23:27:18.000Z,2.31400,1.55900,0.0800000,-1.70400
2008-08-12T23:27:34.000Z,1.99000,1.13400,-0.667000,-1.45600
2008-08-12T23:27:50.000Z,1.82400,1.02300,-0.730000,-1.31800
2008-08-12T23:28:06.000Z,2.27200,0.710000,-1.51400,-1.50400
2008-08-12T23:28:22.000Z,2.26300,0.535000,-1.80000,-1.23700
2008-08-12T23:28:38.000Z,2.25800,0.356000,-1.80500,-1.30200
2008-08-12T23:28:54.000Z,2.27700,0.633000,-1.79900,-1.20300
2008-08-12T23:29:10.000Z,2.40700,1.12600,-1.61300,-1.33000
2008-08-12T23:29:26.000Z,2.36500,0.985000,-1.66800,-1.30300
2008-08-12T23:29:42.000Z,2.35500,1.04100,-1.70500,-1.22700
2008-08-12T23:29:58.000Z,2.31300,0.735000,-1.81100,-1.22800
2008-08-12T23:30:14.000Z,2.30900,0.599000,-1.77700,-1.32700
2008-08-12T23:30:30.000Z,2.30300,0.660000,-1.91000,-1.06900
2008-08-12T23:30:46.000Z,2.36700,0.860000,-1.84700,-1.18900
2008-08-12T23:31:02.000Z,2.36900,0.685000,-1.92300,-1.19700
2008-08-12T23:31:18.000Z,2.37700,0.722000,-1.94300,-1.15300
2008-08-12T23:31:34.000Z,2.39800,0.737000,-1.76000,-1.44600
2008-08-12T23:31:50.000Z,2.32200,0.588000,-1.59800,-1.57400
2008-08-12T23:32:06.000Z,2.31300,0.582000,-1.49600,-1.66100
2008-08-12T23:32:22.000Z,2.35800,0.672000,-1.29200,-1.84700
2008-08-12T23:32:38.000Z,2.41600,1.03900,-1.81100,-1.15500
2008-08-12T23:32:54.000Z,2.40800,1.04400,-2.02500,-0.590000
2008-08-12T23:33:10.000Z,2.40500,0.992000,-1.72200,-1.16500
2008-08-12T23:33:26.000Z,2.41800,0.597000,-1.65200,-1.65400
2008-08-12T23:33:42.000Z,2.34600,0.424000,-1.69000,-1.55100
2008-08-12T23:33:58.000Z,1.99500,0.500000,-1.50400,-1.20600
2008-08-12T23:34:14.000Z,2.16400,0.682000,-1.72200,-1.10100
2008-08-12T23:34:30.000Z,2.48000,0.685000,-1.99300,-1.29800
2008-08-12T23:34:46.000Z,2.41900,0.624000,-1.99000,-1.20200
2008-08-12T23:35:02.000Z,2.32700,0.378000,-1.79400,-1.42500
2008-08-12T23:35:18.000Z,1.96000,0.746000,-1.63400,-0.665000
2008-08-12T23:35:34.000Z,1.92100,0.992000,-1.61300,0.251000
2008-08-12T23:35:50.000Z,2.48000,1.46800,-1.92200,0.522000
2008-08-12T23:36:06.000Z,2.44400,1.41600,-1.97200,0.190000
2008-08-12T23:36:22.000Z,2.36800,1.18100,-2.04200,0.124000
2008-08-12T23:36:38.000Z,2.18100,1.20500,-1.80400,-0.172000
2008-08-12T23:36:54.000Z,2.24700,1.22400,-1.87900,-0.0940000
2008-08-12T23:37:10.000Z,2.50200,1.42300,-2.04400,-0.205000
2008-08-12T23:37:26.000Z,2.51300,1.41500,-2.04500,-0.343000
2008-08-12T23:37:42.000Z,2.59400,1.50300,-2.09000,-0.301000
2008-08-12T23:37:58.000Z,2.57900,1.50000,-2.05300,-0.413000
2008-08-12T23:38:14.000Z,2.55900,1.40100,-2.09800,-0.410000
2008-08-12T23:38:30.000Z,2.64600,1.45200,-2.15000,-0.506000
2008-08-12T23:38:46.000Z,2.69700,1.55000,-2.15600,-0.461000
2008-08-12T23:39:02.000Z,2.72500,1.57200,-2.16000,-0.523000
2008-08-12T23:39:18.000Z,2.79300,1.58100,-2.22000,-0.606000
2008-08-12T23:39:34.000Z,2.78000,1.54100,-2.19200,-0.729000
2008-08-12T23:39:50.000Z,2.73500,1.57000,-2.06700,-0.856000
2008-08-12T23:40:06.000Z,2.79000,1.63000,-2.06100,-0.932000
2008-08-12T23:40:22.000Z,2.83700,1.74500,-2.02200,-0.944000
2008-08-12T23:40:38.000Z,2.77000,1.70400,-2.00000,-0.869000
2008-08-12T23:40:54.000Z,2.80100,1.74300,-1.93400,-1.02400
2008-08-12T23:41:10.000Z,2.65000,1.58600,-1.69800,-1.25900
2008-08-12T23:41:26.000Z,2.71300,1.50100,-2.05500,-0.855000
2008-08-12T23:41:42.000Z,2.82400,1.70500,-2.09400,-0.821000
2008-08-12T23:41:58.000Z,2.81900,1.63500,-2.08500,-0.944000
2008-08-12T23:42:14.000Z,2.84600,1.64400,-2.12800,-0.927000
2008-08-12T23:42:30.000Z,2.82100,1.66300,-2.05600,-0.975000
2008-08-12T23:42:46.000Z,2.75200,1.58800,-2.07400,-0.858000
2008-08-12T23:43:02.000Z,2.76800,1.64400,-1.98700,-0.994000
2008-08-12T23:43:18.000Z,2.85600,1.64200,-2.05000,-1.11300
2008-08-12T23:43:34.000Z,2.90100,1.63800,-2.08600,-1.17100
2008-08-12T23:43:50.000Z,2.89600,1.68600,-2.00300,-1.23500
2008-08-12T23:44:06.000Z,2.90900,1.77000,-2.05300,-1.04100
2008-08-12T23:44:22.000Z,2.76800,1.78700,-1.84200,-1.02000
2008-08-12T23:44:38.000Z,2.82300,1.94000,-1.73800,-1.05300
2008-08-12T23:44:54.000Z,2.90500,2.14500,-1.38900,-1.37300
2008-08-12T23:45:10.000Z,2.72200,2.22500,-0.706000,-1.36800
2008-08-12T23:45:26.000Z,2.31000,1.81100,-0.686000,-1.25400
2008-08-12T23:45:42.000Z,2.10800,1.51400,-0.790000,-1.23200
2008-08-12T23:45:58.000Z,2.04400,1.44200,-0.694000,-1.27000
2008-08-12T23:46:14.000Z,2.14400,1.54100,-0.604000,-1.35300
2008-08-12T23:46:30.000Z,2.03800,1.57600,-0.408000,-1.22400
2008-08-12T23:46:46.000Z,1.91000,1.35900,-0.476000,-1.25000
2008-08-12T23:47:02.000Z,2.65600,2.33900,-0.565000,-1.11100
2008-08-12T23:47:18.000Z,2.70800,2.41600,-0.710000,-0.993000
2008-08-12T23:47:34.000Z,2.77800,2.47000,-0.709000,-1.04500
2008-08-12T23:47:50.000Z,2.80900,2.49300,-0.680000,-1.09800
2008-08-12T23:48:06.000Z,2.91000,2.63000,-0.535000,-1.12100
2008-08-12T23:48:22.000Z,2.76200,2.43100,-0.540000,-1.18500
2008-08-12T23:48:38.000Z,2.72300,2.39500,-0.542000,-1.17200
2008-08-12T23:48:54.000Z,2.37800,2.17600,-0.284000,-0.912000
2008-08-12T23:49:10.000Z,2.39500,2.18700,-0.384000,-0.891000
2008-08-12T23:49:26.000Z,2.38800,2.21700,-0.307000,-0.828000
2008-08-12T23:49:42.000Z,2.56100,2.40600,-0.213000,-0.851000
2008-08-12T23:49:58.000Z,2.76000,2.59800,-0.176000,-0.912000
2008-08-12T23:50:14.000Z,2.44400,2.30000,-0.129000,-0.812000
2008-08-12T23:50:30.000Z,2.36500,2.23800,-0.0770000,-0.756000
2008-08-12T23:50:46.000Z,2.37200,2.21000,-0.0790000,-0.853000
2008-08-12T23:51:02.000Z,2.48300,2.33300,0.0670000,-0.840000
2008-08-12T23:51:18.000Z,2.45200,2.32500,0.302000,-0.709000
2008-08-12T23:51:34.000Z,2.53200,2.38300,0.133000,-0.821000
2008-08-12T23:51:50.000Z,2.49100,2.32400,0.159000,-0.877000
2008-08-13T00:07:18.000Z,3.02900,2.58300,-0.338000,-1.54400
2008-08-13T00:07:34.000Z,2.99500,2.55400,-0.341000,-1.52400
2008-08-13T00:07:50.000Z,2.98200,2.53600,-0.293000,-1.53800
2008-08-13T00:08:06.000Z,2.95100,2.41700,-0.428000,-1.63100
2008-08-13T00:08:22.000Z,2.87600,2.36500,-0.415000,-1.58000
2008-08-13T00:08:38.000Z,2.93200,2.40300,-0.356000,-1.63400
2008-08-13T00:08:54.000Z,2.91700,2.16500,-0.632000,-1.84000
2008-08-13T00:09:10.000Z,2.74600,1.41200,-0.964000,-2.09900
2008-08-13T00:09:26.000Z,2.66300,1.28800,-1.00900,-2.08800
2008-08-13T00:09:42.000Z,2.62900,0.985000,-0.993000,-2.20800
2008-08-13T00:09:58.000Z,2.58600,0.539000,-1.01100,-2.29400
2008-08-13T00:10:14.000Z,2.55100,-0.144000,-1.06900,-2.30000
2008-08-13T00:10:30.000Z,2.51700,0.107000,-1.45800,-2.03200
2008-08-13T00:10:46.000Z,2.52800,0.309000,-1.36100,-2.09700
2008-08-13T00:11:02.000Z,2.59500,0.339000,-1.48000,-2.09000
2008-08-13T00:11:18.000Z,2.47400,0.528000,-1.63100,-1.75200
2008-08-13T00:11:34.000Z,2.27800,0.437000,-1.32900,-1.78700
2008-08-13T00:11:50.000Z,2.37200,0.481000,-1.22200,-1.96300
2008-08-13T00:12:06.000Z,2.63900,0.642000,-1.35200,-2.13700
2008-08-13T00:12:22.000Z,2.68400,1.08500,-1.20500,-2.08200
2008-08-13T00:12:38.000Z,2.66900,0.868000,-1.23700,-2.17600
2008-08-13T00:12:54.000Z,2.61200,0.976000,-1.36900,-1.99400
2008-08-13T00:13:10.000Z,2.66700,1.17700,-1.26500,-2.00500
2008-08-13T00:13:26.000Z,2.69200,1.33300,-1.14000,-2.03600
2008-08-13T00:13:42.000Z,2.69300,1.39900,-0.906000,-2.10800
2008-08-13T00:13:58.000Z,2.77200,1.58200,-0.664000,-2.17200
2008-08-13T00:14:14.000Z,2.81500,1.76600,-0.262000,-2.15700
2008-08-13T00:14:30.000Z,2.75200,1.48900,-0.786000,-2.13200
2008-08-13T00:14:46.000Z,2.76300,1.54300,-1.10800,-1.98300
2008-08-13T00:15:02.000Z,2.85100,1.82800,-0.550000,-2.05800
2008-08-13T00:15:18.000Z,2.67400,1.00100,-1.02300,-2.19500
2008-08-13T00:15:34.000Z,2.64100,-0.0570000,-1.37000,-2.25100
2008-08-13T00:15:50.000Z,2.62600,-0.134000,-1.44100,-2.17900
2008-08-13T00:16:06.000Z,2.62000,-0.0840000,-1.47200,-2.15900
2008-08-13T00:16:22.000Z,2.64900,-0.0330000,-1.54200,-2.14200
2008-08-13T00:16:38.000Z,2.58200,-0.286000,-1.28100,-2.20300
2008-08-13T00:16:54.000Z,2.62800,-0.532000,-1.50400,-2.06700
2008-08-13T00:17:10.000Z,2.53900,-0.754000,-1.44400,-1.87400
2008-08-13T00:17:26.000Z,2.60800,-0.499000,-1.32700,-2.18300
2008-08-13T00:17:42.000Z,2.63400,-0.789000,-1.20800,-2.19400
2008-08-13T00:17:58.000Z,2.62200,-1.06400,-1.19600,-2.06700
2008-08-13T00:18:14.000Z,2.59800,-0.843000,-1.28900,-2.08300
2008-08-13T00:18:30.000Z,2.63500,-0.671000,-1.28900,-2.18900
2008-08-13T00:18:46.000Z,2.58100,-0.515000,-1.32100,-2.15300
2008-08-13T00:19:02.000Z,2.52100,-0.657000,-1.34700,-2.02100
2008-08-13T00:19:18.000Z,2.57200,-0.685000,-1.30200,-2.10200
2008-08-13T00:19:34.000Z,2.43600,-0.669000,-1.49600,-1.79300
2008-08-13T00:19:50.000Z,2.63900,-0.413000,-1.62700,-1.98700
2008-08-13T00:20:06.000Z,2.70500,-0.692000,-1.48100,-2.13000
2008-08-13T00:20:22.000Z,2.61600,-0.750000,-1.38100,-2.07400
2008-08-13T00:20:38.000Z,2.62600,-0.574000,-1.37600,-2.11400
2008-08-13T00:20:54.000Z,2.68500,-0.825000,-1.31500,-2.16900
2008-08-13T00:21:10.000Z,2.64900,-0.834000,-0.986000,-2.28200
2008-08-13T00:21:26.000Z,2.73400,0.362000,-1.62100,-2.16700
2008-08-13T00:21:42.000Z,2.68400,0.0660000,-1.39500,-2.28700
2008-08-13T00:21:58.000Z,2.73700,-0.136000,-1.30700,-2.39500
2008-08-13T00:22:14.000Z,2.75400,-0.189000,-1.23700,-2.44600
2008-08-13T00:22:30.000Z,2.72200,-0.0540000,-1.25600,-2.40900
2008-08-13T00:22:46.000Z,2.71100,-0.229000,-1.23800,-2.39600
2008-08-13T00:23:02.000Z,2.71000,-0.300000,-1.27800,-2.36700
2008-08-13T00:23:18.000Z,2.71300,0.00400000,-1.24200,-2.39800
2008-08-13T00:23:34.000Z,2.64000,-0.144000,-1.34900,-2.24200
2008-08-13T00:23:50.000Z,2.63700,-0.267000,-1.33000,-2.24500
2008-08-13T00:24:06.000Z,2.73500,0.533000,-0.967000,-2.49200
2008-08-13T00:24:22.000Z,2.70200,0.492000,-1.06500,-2.42700
2008-08-13T00:24:38.000Z,2.70900,0.682000,-1.06800,-2.39000
2008-08-13T00:24:54.000Z,2.65100,0.525000,-1.05400,-2.37200
2008-08-13T00:25:10.000Z,2.77700,0.734000,-1.09100,-2.43900
2008-08-13T00:25:26.000Z,2.76900,0.864000,-1.02900,-2.41600
2008-08-13T00:25:42.000Z,2.74200,0.812000,-0.875000,-2.46200
2008-08-13T00:25:58.000Z,2.86500,1.06600,-1.09000,-2.39900
2008-08-13T00:26:14.000Z,2.82300,0.644000,-1.17000,-2.46200
2008-08-13T00:26:30.000Z,2.86900,1.05500,-1.20700,-2.37400
2008-08-13T00:26:46.000Z,2.92600,1.23600,-1.27900,-2.31900
2008-08-13T00:27:02.000Z,2.85800,1.37600,-1.35000,-2.10000
2008-08-13T00:27:18.000Z,2.85400,1.48300,-1.35200,-2.00300
2008-08-13T00:27:34.000Z,2.81900,1.19400,-1.22800,-2.23400
2008-08-13T00:27:50.000Z,2.75900,1.01100,-1.15400,-2.29000
2008-08-13T00:28:06.000Z,2.78500,1.12600,-1.11000,-2.29000
2008-08-13T00:28:22.000Z,2.76400,1.02600,-1.08700,-2.32100
2008-08-13T00:28:38.000Z,2.78700,1.04700,-1.04000,-2.35700
2008-08-13T00:28:54.000Z,2.80500,0.921000,-0.948000,-2.47100
2008-08-13T00:29:10.000Z,2.80000,0.719000,-0.840000,-2.56800
2008-08-13T00:29:26.000Z,2.76100,0.793000,-0.952000,-2.46100
2008-08-13T00:29:42.000Z,2.76500,0.709000,-1.01900,-2.46800
2008-08-13T00:29:58.000Z,2.74500,0.674000,-0.898000,-2.50300
2008-08-13T00:30:14.000Z,2.79500,0.762000,-0.897000,-2.52600
2008-08-13T00:30:30.000Z,2.85400,0.802000,-0.692000,-2.64100
2008-08-13T00:30:46.000Z,2.81700,0.576000,-0.351000,-2.72300
2008-08-13T00:31:02.000Z,2.73400,0.174000,-0.234000,-2.69800
2008-08-13T00:31:18.000Z,2.63100,-0.469000,-0.177000,-2.56700
2008-08-13T00:31:34.000Z,2.63900,-0.320000,-0.272000,-2.60200
2008-08-13T00:31:50.000Z,2.60600,1.35700,-1.19800,-1.62900
2008-08-13T00:32:06.000Z,2.57200,1.18800,-0.987000,-2.03000
2008-08-13T00:32:22.000Z,2.48500,0.674000,-0.826000,-2.23300
2008-08-13T00:32:38.000Z,2.57500,0.870000,-1.02100,-2.16500
2008-08-13T00:32:54.000Z,2.50700,0.877000,-1.17000,-2.03100
2008-08-13T00:33:10.000Z,2.49900,1.24000,-1.10200,-1.83600
2008-08-13T00:33:26.000Z,2.45900,1.22900,-0.812000,-1.95400
2008-08-13T00:33:42.000Z,2.41600,1.19300,-0.703000,-1.96400
2008-08-13T00:33:58.000Z,2.38600,1.02700,-0.642000,-2.04600
2008-08-13T00:34:14.000Z,2.39300,0.938000,-0.727000,-2.05900
2008-08-13T00:34:30.000Z,2.29900,1.12300,-0.920000,-1.73300
2008-08-13T00:34:46.000Z,2.32300,1.04900,-0.746000,-1.90500
2008-08-13T00:35:02.000Z,2.41100,1.00100,-0.277000,-2.15900
2008-08-13T00:35:18.000Z,2.51800,1.40300,-0.300000,-2.04300
2008-08-13T00:35:34.000Z,2.65100,1.47300,-0.522000,-2.10900
2008-08-13T00:35:50.000Z,2.55600,1.31800,-0.607000,-2.09000
2008-08-13T00:36:06.000Z,2.57100,1.53000,-0.832000,-1.86400
2008-08-13T00:36:22.000Z,2.52100,1.45200,-0.688000,-1.90700
2008-08-13T00:36:38.000Z,2.54400,1.22500,-0.648000,-2.12000
2008-08-13T00:36:54.000Z,2.50300,1.16800,-0.553000,-2.13700
2008-08-13T00:37:10.000Z,2.50800,1.15000,-0.296000,-2.20500
2008-08-13T00:37:26.000Z,2.53000,1.10100,-0.370000,-2.24300
2008-08-13T00:37:42.000Z,2.45800,1.25200,-0.321000,-2.08700
2008-08-13T00:37:58.000Z,2.37300,0.989000,-0.497000,-2.09100
2008-08-13T00:38:14.000Z,2.47700,1.19400,-0.428000,-2.11300
2008-08-13T00:38:30.000Z,2.47300,1.19700,-0.433000,-2.11900
2008-08-13T00:38:46.000Z,2.52000,1.13600,-0.294000,-2.22700
2008-08-13T00:39:02.000Z,2.32700,1.02700,-0.440000,-2.03200
2008-08-13T00:39:18.000Z,2.38000,1.08900,-0.303000,-2.08300
2008-08-13T00:39:34.000Z,2.39800,1.10700,-0.419000,-2.06000
2008-08-13T00:39:50.000Z,2.34100,0.948000,-0.227000,-2.11900
2008-08-13T00:40:06.000Z,2.30900,0.766000,-0.507000,-2.10800
2008-08-13T00:40:22.000Z,2.31500,0.609000,-0.289000,-2.20700
2008-08-13T00:40:38.000Z,2.26400,0.499000,-0.181000,-2.19600
2008-08-13T00:40:54.000Z,2.30600,0.675000,-0.0650000,-2.19900
2008-08-13T00:41:10.000Z,2.38300,1.09200,-0.260000,-2.04000
2008-08-13T00:41:26.000Z,2.47500,1.34700,-0.531000,-1.93900
2008-08-13T00:41:42.000Z,2.55100,1.61200,-0.754000,-1.80500
2008-08-13T00:41:58.000Z,2.48200,1.33800,-0.367000,-2.04500
2008-08-13T00:42:14.000Z,2.52700,1.20200,-0.485000,-2.16600
2008-08-13T00:42:30.000Z,2.51700,1.39300,-0.468000,-2.03400
2008-08-13T00:42:46.000Z,2.51600,1.42300,-0.493000,-1.96700
2008-08-13T00:43:02.000Z,2.47400,1.02700,-0.366000,-2.19300
2008-08-13T00:43:18.000Z,2.52700,1.24400,-0.480000,-2.13100
2008-08-13T00:43:34.000Z,2.42100,1.13200,-0.393000,-2.08600
2008-08-13T00:43:50.000Z,2.56000,1.56200,-0.443000,-1.93200
2008-08-13T00:44:06.000Z,2.41500,1.06800,-0.261000,-2.12300
2008-08-13T00:44:22.000Z,2.41300,1.06000,-0.212000,-2.14700
2008-08-13T00:44:38.000Z,2.45300,1.09500,-0.110000,-2.16600
2008-08-13T00:44:54.000Z,2.47300,1.30900,-0.230000,-2.06700
2008-08-13T00:45:10.000Z,2.57100,1.66900,-0.191000,-1.93100
2008-08-13T00:45:26.000Z,2.58100,1.95200,-0.481000,-1.59900
2008-08-13T00:45:42.000Z,2.51800,1.82500,-0.341000,-1.67500
2008-08-13T00:45:58.000Z,2.40200,1.10900,-0.302000,-2.08500
2008-08-13T00:46:14.000Z,2.49700,1.18900,0.0110000,-2.18200
2008-08-13T00:46:30.000Z,2.45200,1.02200,0.102000,-2.18700
2008-08-13T00:46:46.000Z,2.37700,0.526000,-0.259000,-2.28500
2008-08-13T00:47:02.000Z,2.41300,0.897000,-0.314000,-2.20300
2008-08-13T00:47:18.000Z,2.48300,1.04500,-0.259000,-2.22100
2008-08-13T00:47:34.000Z,2.66200,1.59100,0.103000,-2.08900
2008-08-13T00:47:50.000Z,2.65100,1.40100,-0.186000,-2.21000
2008-08-13T00:48:06.000Z,2.57300,1.09100,-0.379000,-2.29000
2008-08-13T00:48:22.000Z,2.55700,0.983000,-0.769000,-2.22200
2008-08-13T00:48:38.000Z,2.59400,1.11900,-0.382000,-2.30300
2008-08-13T00:48:54.000Z,2.61400,1.05300,-0.131000,-2.37200
2008-08-13T00:49:10.000Z,2.58800,1.19000,0.0870000,-2.28200
2008-08-13T00:49:26.000Z,2.52400,0.962000,-0.465000,-2.28000
2008-08-13T00:49:42.000Z,2.37800,0.858000,-0.185000,-2.18800
2008-08-13T00:49:58.000Z,2.53700,1.01600,-0.567000,-2.23400
2008-08-13T00:50:14.000Z,2.59800,0.994000,-0.884000,-2.19700
2008-08-13T00:50:30.000Z,2.56600,0.769000,-1.12800,-2.13600
2008-08-13T00:50:46.000Z,2.55000,0.779000,-0.966000,-2.21300
2008-08-13T00:51:02.000Z,2.51400,0.878000,-0.863000,-2.17300
2008-08-13T00:51:18.000Z,2.59700,0.929000,-0.793000,-2.21900
2008-08-13T00:51:34.000Z,2.60100,1.01600,-0.838000,-2.22000
2008-08-13T00:51:50.000Z,2.52000,0.918000,-0.877000,-2.15500
2008-08-13T00:52:06.000Z,2.58800,0.919000,-0.963000,-2.20900
2008-08-13T00:52:22.000Z,2.61800,1.03400,-0.639000,-2.30200
2008-08-13T00:52:38.000Z,2.71100,1.28400,-0.493000,-2.31300
2008-08-13T00:52:54.000Z,2.65700,1.13600,-0.714000,-2.26400
2008-08-13T00:53:10.000Z,2.60500,1.01000,-0.626000,-2.30300
2008-08-13T00:53:26.000Z,2.62300,1.02100,-0.398000,-2.37500
2008-08-13T00:53:42.000Z,2.60600,1.28000,-0.549000,-2.19200
2008-08-13T00:53:58.000Z,2.55600,1.25100,-0.541000,-2.15700
2008-08-13T00:54:14.000Z,2.58600,1.05400,-0.481000,-2.30600
2008-08-13T00:54:30.000Z,2.55100,0.950000,-0.0890000,-2.34700
2008-08-13T00:54:46.000Z,2.57500,1.15100,-0.0940000,-2.28600
2008-08-13T00:55:02.000Z,2.63800,1.03500,-0.426000,-2.35500
2008-08-13T00:55:18.000Z,2.55900,0.827000,-0.347000,-2.32600
2008-08-13T00:55:34.000Z,2.64300,1.25800,-0.758000,-2.15100
2008-08-13T00:55:50.000Z,2.61500,0.964000,-0.756000,-2.28300
2008-08-13T00:56:06.000Z,2.58700,0.618000,-0.603000,-2.43200
2008-08-13T00:56:22.000Z,2.57800,0.534000,-0.710000,-2.41200
2008-08-13T00:56:38.000Z,2.70700,1.29200,-0.630000,-2.22100
2008-08-13T00:56:54.000Z,2.61800,1.08200,-0.615000,-2.28700
2008-08-13T00:57:10.000Z,2.65500,0.714000,-0.0910000,-2.53400
2008-08-13T00:57:26.000Z,2.71200,0.947000,-0.229000,-2.52100
2008-08-13T00:57:42.000Z,2.73700,1.03700,-0.324000,-2.49900
2008-08-13T00:57:58.000Z,2.79500,1.15200,-0.781000,-2.41000
2008-08-13T00:58:14.000Z,2.77500,1.05600,-0.749000,-2.42600
2008-08-13T00:58:30.000Z,2.73100,1.08500,-0.788000,-2.37400
2008-08-13T00:58:46.000Z,2.77400,1.10100,-0.847000,-2.39200
2008-08-13T00:59:02.000Z,2.71100,0.804000,-0.676000,-2.49100
2008-08-13T00:59:18.000Z,2.75800,0.979000,-0.738000,-2.46400
2008-08-13T00:59:34.000Z,2.75900,1.17100,-0.746000,-2.37700
2008-08-13T00:59:50.000Z,2.73600,0.729000,-0.811000,-2.49900
2008-08-13T01:00:06.000Z,2.76800,0.962000,-0.751000,-2.47800
2008-08-13T01:00:22.000Z,2.75600,0.914000,-0.933000,-2.42400
2008-08-13T01:00:38.000Z,2.73000,0.872000,-0.799000,-2.45700
2008-08-13T01:00:54.000Z,2.83200,0.979000,-0.567000,-2.59100
2008-08-13T01:01:10.000Z,2.80200,1.00000,-0.647000,-2.53100
2008-08-13T01:01:26.000Z,2.81300,1.03900,-0.740000,-2.50300