EPOCH_yyyy-mm-ddThh:mm:ss.sssZ,H_DENSITY_#/cc,SW_H_SPEED_km/s,H_TEMP_RADIAL_Kelvin,VX_(GSM)_km/s,VY_(GSM)_km/s,VZ_(GSM)_km/s
2008-08-12T20:00:25.000Z,1.90940,552.340,135100.,-550.772,-6.35000,-38.7940
2008-08-12T20:01:29.000Z,2.25960,548.140,138372.,-545.694,-2.12300,-49.4020
2008-08-12T20:02:33.000Z,2.09940,548.260,127357.,-545.842,-3.24000,-49.0210
2008-08-12T20:03:37.000Z,2.17530,547.340,127261.,-545.665,-0.488000,-40.5890
2008-08-12T20:04:41.000Z,2.05130,547.970,123535.,-546.012,1.38700,-44.0050
2008-08-12T20:05:45.000Z,2.01870,548.230,124526.,-547.246,2.94700,-30.4480
2008-08-12T20:06:49.000Z,1.94130,548.800,122508.,-547.009,1.20100,-42.0680
2008-08-12T20:07:53.000Z,2.03040,548.480,112826.,-547.510,2.24400,-30.2690
2008-08-12T20:08:57.000Z,1.96010,547.950,114392.,-545.508,-4.57000,-49.3080
2008-08-12T20:10:01.000Z,1.99010,549.830,129285.,-547.949,-6.07700,-42.8640
2008-08-12T20:11:05.000Z,1.96890,551.450,103239.,-549.544,-8.92000,-42.7260
2008-08-12T20:12:09.000Z,2.03500,552.750,123762.,-550.670,-4.47300,-45.5680
2008-08-12T20:13:13.000Z,1.87680,550.920,124605.,-549.722,-2.72300,-34.1460
2008-08-12T20:14:17.000Z,1.98830,553.530,117676.,-551.474,-5.91500,-45.1260
2008-08-12T20:15:21.000Z,1.91240,550.730,134975.,-549.256,-0.800000,-38.1810
2008-08-12T20:16:25.000Z,1.75240,549.420,127915.,-547.084,-8.00800,-47.8080
2008-08-12T20:17:29.000Z,1.76450,551.340,117951.,-549.072,-7.67600,-47.3250
2008-08-12T20:18:33.000Z,-1.00000e+31,-1.00000e+31,-1.00000e+31,-1.00000e+31,-1.00000e+31,-1.00000e+31
2008-08-12T20:19:37.000Z,1.91920,554.130,133395.,-551.960,-9.95600,-45.8460
2008-08-12T20:20:41.000Z,1.95040,553.010,125850.,-551.667,-5.94300,-35.9820
2008-08-12T20:21:45.000Z,1.90900,553.570,132475.,-551.525,-7.52500,-44.9260
2008-08-12T20:22:49.000Z,2.02860,551.310,117793.,-549.411,-2.77800,-43.5750
2008-08-12T20:23:53.000Z,1.72210,553.740,112173.,-550.520,-11.0290,-56.5540
2008-08-12T20:24:57.000Z,1.79960,556.220,106875.,-553.322,-7.51200,-54.2630
2008-08-12T20:26:01.000Z,2.15000,551.630,109233.,-548.926,11.5260,-51.3960
2008-08-12T20:27:05.000Z,1.81390,552.530,114110.,-549.754,5.35100,-53.1420
2008-08-12T20:28:09.000Z,1.83780,551.270,110040.,-549.269,10.5810,-43.7980
2008-08-12T20:29:13.000Z,1.74160,547.440,118755.,-544.917,3.87900,-50.4110
2008-08-12T20:30:17.000Z,1.69890,550.410,115804.,-548.285,14.8720,-44.0870
2008-08-12T20:31:21.000Z,1.82970,551.540,117367.,-549.335,-7.72000,-46.7550
2008-08-12T20:32:25.000Z,1.81620,550.720,117826.,-548.884,-5.72700,-42.6570
2008-08-12T20:33:29.000Z,2.02870,551.320,119049.,-549.062,-8.76100,-47.1850
2008-08-12T20:34:33.000Z,1.91690,551.370,113709.,-549.666,-5.72900,-41.0620
2008-08-12T20:35:37.000Z,1.93710,550.260,129988.,-549.162,-4.52500,-32.5350
2008-08-12T20:36:41.000Z,2.09390,552.450,137774.,-550.397,1.90800,-45.7730
2008-08-12T20:37:45.000Z,1.81360,548.800,114932.,-547.313,2.20200,-38.5110
2008-08-12T20:38:49.000Z,1.88280,554.680,108816.,-552.320,1.16200,-49.3320
2008-08-12T20:39:53.000Z,1.90300,555.800,112639.,-553.621,1.35900,-47.3780
2008-08-12T20:40:57.000Z,1.96330,559.390,123565.,-556.316,-2.37400,-56.7860
2008-08-12T20:42:01.000Z,1.69340,556.340,106779.,-552.743,-6.26600,-61.0870
2008-08-12T20:43:05.000Z,1.87230,553.890,109543.,-551.562,-1.72800,-49.0120
2008-08-12T20:44:09.000Z,1.79510,556.980,109142.,-554.165,-3.73100,-54.0810
2008-08-12T20:45:13.000Z,1.74010,558.430,110925.,-556.375,-1.70100,-46.0920
2008-08-12T20:46:17.000Z,1.86060,557.640,103906.,-555.066,-8.45300,-51.1760
2008-08-12T20:47:21.000Z,1.75470,559.380,105554.,-557.838,-6.18900,-39.3140
2008-08-12T20:48:25.000Z,1.96550,555.590,108520.,-552.804,-12.2680,-52.5200
2008-08-12T20:49:29.000Z,1.74810,561.190,119318.,-558.069,-4.86500,-57.2800
2008-08-12T20:50:33.000Z,2.02940,555.560,107169.,-553.463,-8.21900,-45.8470
2008-08-12T20:51:37.000Z,-1.00000e+31,-1.00000e+31,-1.00000e+31,-1.00000e+31,-1.00000e+31,-1.00000e+31
2008-08-12T20:52:41.000Z,1.77610,554.210,115270.,-553.135,-2.90400,-32.6990
2008-08-12T20:53:45.000Z,1.86090,555.490,116301.,-552.897,-5.83400,-51.6910
2008-08-12T20:54:49.000Z,1.75310,555.170,107389.,-553.261,-4.02500,-44.2790
2008-08-12T20:55:53.000Z,1.90390,554.680,119594.,-551.417,-7.67200,-58.0140
2008-08-12T20:56:57.000Z,1.89320,551.330,136992.,-548.144,0.706000,-57.6740
2008-08-12T20:58:01.000Z,2.17460,553.300,104696.,-550.225,-2.66800,-56.6950
2008-08-12T20:59:05.000Z,1.75290,554.810,107582.,-551.550,-4.69000,-58.3790
2008-08-12T21:00:09.000Z,1.76630,554.950,101014.,-553.076,2.02000,-44.0880
2008-08-12T21:01:13.000Z,1.69990,552.740,112210.,-550.655,0.0100000,-46.5310
2008-08-12T21:02:17.000Z,1.99900,551.690,103689.,-550.677,-4.08500,-31.7670
2008-08-12T21:03:21.000Z,1.95130,552.160,116263.,-549.773,-8.50700,-49.1580
2008-08-12T21:04:25.000Z,1.98320,552.150,119510.,-549.760,-8.78300,-49.0790
2008-08-12T21:05:29.000Z,2.14000,551.180,111117.,-548.450,-8.92500,-52.6700
2008-08-12T21:06:33.000Z,1.91940,555.280,112621.,-551.883,-7.79100,-59.4290
2008-08-12T21:07:37.000Z,1.78330,555.010,108757.,-552.398,-8.41700,-51.7790
2008-08-12T21:08:41.000Z,1.97960,554.330,122179.,-550.812,-10.9830,-59.9870
2008-08-12T21:09:45.000Z,1.87780,550.640,111219.,-549.528,-6.00900,-33.1340
2008-08-12T21:10:49.000Z,2.11880,554.070,131053.,-551.950,-6.21800,-46.7130
2008-08-12T21:11:53.000Z,2.01010,551.700,123161.,-550.020,-6.58500,-41.2320
2008-08-12T21:12:57.000Z,2.27650,549.210,107101.,-547.560,-8.68300,-40.3590
2008-08-12T21:14:01.000Z,1.86320,551.330,108128.,-549.591,-9.28700,-41.4090
2008-08-12T21:15:05.000Z,2.07530,551.900,112739.,-550.808,-3.34200,-33.3160
2008-08-12T21:16:09.000Z,1.91660,551.260,120128.,-549.111,-10.2080,-46.2750
2008-08-12T21:17:13.000Z,2.02700,551.870,121183.,-550.884,-3.46500,-31.5790
2008-08-12T21:18:17.000Z,2.00260,552.340,117186.,-550.749,-9.09800,-39.6790
2008-08-12T21:19:21.000Z,2.07340,551.360,117457.,-549.929,-7.63400,-37.7350
2008-08-12T21:20:25.000Z,1.97390,551.400,114415.,-549.069,-11.4650,-48.1630
2008-08-12T21:21:29.000Z,1.94040,552.990,109275.,-550.779,-11.4040,-46.8630
2008-08-12T21:22:33.000Z,1.92330,552.190,113710.,-550.882,-10.0920,-35.4590
2008-08-12T21:23:37.000Z,1.89450,551.430,109750.,-549.566,-11.8390,-42.5620
2008-08-12T21:24:41.000Z,-1.00000e+31,-1.00000e+31,-1.00000e+31,-1.00000e+31,-1.00000e+31,-1.00000e+31
2008-08-12T21:25:45.000Z,1.89470,552.570,125488.,-551.101,-7.12000,-38.5200
2008-08-12T21:26:49.000Z,1.86410,551.290,116590.,-549.759,-8.54200,-39.0850
2008-08-12T21:27:53.000Z,1.86210,549.200,123848.,-546.400,-10.2000,-53.3290
2008-08-12T21:28:57.000Z,1.81160,551.130,114121.,-548.797,-11.0340,-48.3860
2008-08-12T21:30:01.000Z,1.91220,550.510,116697.,-548.572,-8.59600,-44.3420
2008-08-12T21:31:05.000Z,1.98230,560.830,113074.,-559.531,-12.1270,-35.0700
2008-08-12T21:32:09.000Z,1.88650,555.860,116426.,-555.023,-6.72700,-28.7830
2008-08-12T21:33:13.000Z,1.90250,553.390,107494.,-552.198,-5.38700,-34.8360
2008-08-12T21:34:17.000Z,1.72740,550.870,111312.,-550.076,-4.16100,-28.2770
2008-08-12T21:35:21.000Z,1.90070,551.980,115530.,-550.083,-7.34800,-44.1260
2008-08-12T21:36:25.000Z,1.87250,555.240,114966.,-553.622,-5.86700,-41.0170
2008-08-12T21:37:29.000Z,2.11000,554.330,107531.,-553.036,-6.32700,-36.3060
2008-08-12T21:38:33.000Z,1.89690,555.400,116291.,-553.938,-3.56400,-39.1400
2008-08-12T21:39:37.000Z,1.84790,554.050,121588.,-553.180,-1.20800,-30.0990
2008-08-12T21:40:41.000Z,1.85440,557.820,121620.,-556.759,-3.67600,-33.2440
2008-08-12T21:41:45.000Z,1.97230,558.310,114290.,-557.646,-6.22800,-25.6150
2008-08-12T21:42:49.000Z,1.84110,557.440,120143.,-555.709,-9.38600,-41.9830
2008-08-12T21:43:53.000Z,1.96300,559.390,110391.,-557.747,-12.0490,-40.2200
2008-08-12T21:44:57.000Z,2.20540,559.290,108550.,-557.922,-9.92300,-36.9940
2008-08-12T21:46:01.000Z,1.99100,559.200,111022.,-557.632,-9.54400,-39.9550
2008-08-12T21:47:05.000Z,2.03240,562.010,120131.,-561.272,-5.02700,-27.5820
2008-08-12T21:48:09.000Z,1.95640,560.560,111896.,-559.000,-6.48400,-40.5660
2008-08-12T21:49:13.000Z,1.89980,559.940,100398.,-559.086,-2.98500,-30.0110
2008-08-12T21:50:17.000Z,2.05930,557.540,104515.,-555.398,-9.25500,-47.1980
2008-08-12T21:51:21.000Z,1.78090,561.030,99058.5,-558.834,-12.4400,-47.3260
2008-08-12T21:52:25.000Z,1.93780,555.850,88549.5,-552.836,-9.48600,-56.2990
2008-08-12T21:53:29.000Z,1.72290,557.400,97447.6,-554.548,-8.47400,-54.9650
2008-08-12T21:54:33.000Z,1.91990,558.940,114034.,-557.357,-8.14400,-40.5830
2008-08-12T21:55:37.000Z,1.79890,559.680,97462.1,-557.549,-9.70200,-47.1860
2008-08-12T21:56:41.000Z,1.78110,554.380,89963.4,-552.755,-5.06400,-41.4420
2008-08-12T21:57:45.000Z,-1.00000e+31,-1.00000e+31,-1.00000e+31,-1.00000e+31,-1.00000e+31,-1.00000e+31
2008-08-12T21:58:49.000Z,1.71000,557.300,99178.4,-555.928,-4.31300,-38.1720
2008-08-12T21:59:53.000Z,1.98330,553.160,107306.,-550.460,-8.05400,-53.3650
2008-08-12T22:00:57.000Z,1.67620,554.060,92574.0,-551.196,-4.84200,-55.4840
2008-08-12T22:02:01.000Z,1.81290,553.760,98144.0,-551.888,-1.17100,-44.9070
2008-08-12T22:03:05.000Z,1.78010,554.040,114008.,-551.924,-11.9830,-46.3290
2008-08-12T22:04:09.000Z,1.86980,555.670,99482.3,-554.109,-6.20400,-40.6620
2008-08-12T22:05:13.000Z,1.82410,551.150,116765.,-549.414,2.65000,-43.0640
2008-08-12T22:06:17.000Z,1.85610,554.160,111972.,-552.485,-1.80300,-42.4610
2008-08-12T22:07:21.000Z,1.83130,550.910,117462.,-548.319,-8.26400,-52.2020
2008-08-12T22:08:25.000Z,1.81890,552.770,107003.,-550.198,-6.46700,-52.4200
2008-08-12T22:09:29.000Z,1.86470,549.680,115207.,-547.951,-5.05200,-42.8100
2008-08-12T22:10:33.000Z,1.83520,551.210,105384.,-548.789,-6.49700,-50.7090
2008-08-12T22:11:37.000Z,1.76850,549.160,114344.,-547.820,0.259000,-37.9170
2008-08-12T22:12:41.000Z,1.95180,550.270,116659.,-548.108,-8.44300,-47.5460
2008-08-12T22:13:45.000Z,1.71320,548.380,101628.,-547.421,-5.57900,-31.4680
2008-08-12T22:14:49.000Z,1.85490,546.230,117766.,-543.282,-11.1090,-55.2330
2008-08-12T22:15:53.000Z,1.75900,545.930,122405.,-543.582,-5.97200,-49.7990
2008-08-12T22:16:57.000Z,1.87640,544.980,117354.,-543.161,-7.20200,-43.4910
2008-08-12T22:18:01.000Z,1.85300,544.400,137524.,-542.698,-6.37400,-42.2360
2008-08-12T22:19:05.000Z,1.94500,556.680,114200.,-555.433,-10.4150,-35.4470
2008-08-12T22:20:09.000Z,1.83830,552.410,114156.,-550.727,-9.97700,-41.6410
2008-08-12T22:21:13.000Z,1.99440,549.790,123855.,-548.831,-6.10200,-31.6040
2008-08-12T22:22:17.000Z,1.80760,550.830,116287.,-548.607,-10.9320,-47.8860
2008-08-12T22:23:21.000Z,2.05100,552.530,117083.,-550.685,-9.58000,-43.8710
2008-08-12T22:24:25.000Z,1.84840,555.060,109913.,-553.046,-15.2770,-44.4520
2008-08-12T22:25:29.000Z,1.70390,551.090,114032.,-548.785,-13.0080,-48.4090
2008-08-12T22:26:33.000Z,1.77190,556.880,118292.,-556.047,-4.73200,-29.8590
2008-08-12T22:27:37.000Z,1.69140,551.310,89450.3,-549.659,-6.27000,-42.0400
2008-08-12T22:28:41.000Z,1.79380,549.730,108056.,-548.792,-3.26600,-31.6930
2008-08-12T22:29:45.000Z,1.87970,550.240,104968.,-548.626,-6.38100,-41.4360
2008-08-12T22:30:49.000Z,-1.00000e+31,-1.00000e+31,-1.00000e+31,-1.00000e+31,-1.00000e+31,-1.00000e+31
2008-08-12T22:31:53.000Z,2.15610,552.600,103709.,-551.253,-6.96600,-37.7270
2008-08-12T22:32:57.000Z,1.76360,549.430,107246.,-547.333,-7.89700,-47.1900
2008-08-12T22:34:01.000Z,1.88330,548.770,113114.,-547.590,-2.19100,-35.8270
2008-08-12T22:35:05.000Z,1.80400,546.550,103754.,-544.935,-4.10300,-41.7140
2008-08-12T22:36:09.000Z,1.86230,547.410,105502.,-546.158,-3.57500,-36.7180
2008-08-12T22:37:13.000Z,1.90120,547.870,121363.,-545.810,-5.78900,-47.0190
2008-08-12T22:38:17.000Z,1.81660,547.420,112532.,-545.427,-4.90200,-46.3370
2008-08-12T22:39:21.000Z,2.13080,546.070,106708.,-544.001,-5.54100,-47.1770
2008-08-12T22:40:25.000Z,1.96350,545.860,109285.,-543.550,-6.40800,-49.7740
2008-08-12T22:41:29.000Z,1.90340,547.930,114208.,-546.318,-3.63200,-41.8120
2008-08-12T22:42:33.000Z,1.88000,548.440,109860.,-546.121,-5.04400,-50.1610
2008-08-12T22:43:37.000Z,1.75780,547.260,114083.,-545.723,-3.57500,-40.8540
2008-08-12T22:44:41.000Z,1.93750,546.890,110691.,-544.050,-9.72700,-54.8750
2008-08-12T22:45:45.000Z,1.80080,546.930,99628.8,-544.422,-10.2300,-51.4060
2008-08-12T22:46:49.000Z,1.88940,546.450,109077.,-543.359,-8.48000,-57.4860
2008-08-12T22:47:53.000Z,1.76990,546.990,104264.,-543.790,-10.1140,-58.2790
2008-08-12T22:48:57.000Z,1.83300,547.340,89845.7,-545.075,-6.20800,-49.4170
2008-08-12T22:50:01.000Z,1.81800,547.180,103944.,-544.031,-7.98700,-58.1970
2008-08-12T22:51:05.000Z,1.86150,547.240,96441.9,-545.309,-5.49900,-45.8090
2008-08-12T22:52:09.000Z,1.83490,546.190,103260.,-543.690,-8.36200,-51.7360
2008-08-12T22:53:13.000Z,1.92430,547.050,102156.,-544.457,-8.36000,-52.7550
2008-08-12T22:54:17.000Z,1.89660,544.420,103416.,-541.858,-9.35300,-52.0860
2008-08-12T22:55:21.000Z,2.01980,539.840,106247.,-536.846,-12.1410,-55.7160
2008-08-12T22:56:25.000Z,1.81200,539.410,91826.5,-537.078,-12.3690,-48.7400
2008-08-12T22:57:29.000Z,1.87180,539.500,89617.4,-536.719,-12.0630,-53.5730
2008-08-12T22:58:33.000Z,1.83610,537.510,96362.8,-535.818,-8.05700,-42.0760
2008-08-12T22:59:37.000Z,1.92320,537.230,85943.5,-534.553,-11.4720,-52.5820
2008-08-12T23:00:41.000Z,1.83460,535.520,88954.8,-533.578,-8.52700,-45.1030
2008-08-12T23:01:45.000Z,2.00800,536.980,91574.9,-534.193,-12.9540,-53.4330
2008-08-12T23:02:49.000Z,1.95940,538.890,84520.6,-536.439,-11.5740,-50.3640
2008-08-12T23:03:53.000Z,-1.00000e+31,-1.00000e+31,-1.00000e+31,-1.00000e+31,-1.00000e+31,-1.00000e+31
2008-08-12T23:04:57.000Z,1.94240,537.970,83046.1,-535.435,-10.8590,-51.3610
2008-08-12T23:06:01.000Z,1.92660,538.750,88191.6,-536.922,-9.09300,-43.7970
2008-08-12T23:07:05.000Z,1.83260,538.210,86005.9,-535.910,-10.4820,-48.9990
2008-08-12T23:08:09.000Z,1.91060,539.090,80042.4,-537.287,-7.49900,-43.8640
2008-08-12T23:09:13.000Z,1.84230,538.190,86825.1,-535.321,-14.3240,-54.0640
2008-08-12T23:10:17.000Z,1.68280,539.990,88008.0,-537.336,-12.1150,-52.4690
2008-08-12T23:11:21.000Z,1.88940,539.300,82121.2,-537.199,-10.0690,-46.8970
2008-08-12T23:12:25.000Z,1.66060,543.000,94670.8,-540.399,-14.4630,-51.5110
2008-08-12T23:13:29.000Z,1.87410,541.240,89721.1,-539.774,-9.44900,-39.1360
2008-08-12T23:14:33.000Z,1.88290,539.790,91515.7,-537.444,-11.8480,-49.3310
2008-08-12T23:15:37.000Z,1.79140,540.820,90363.0,-539.314,-9.31700,-39.7040
2008-08-12T23:16:41.000Z,1.74730,539.560,76857.4,-537.695,-10.4840,-44.0400
2008-08-12T23:17:45.000Z,1.77990,536.380,72614.0,-533.985,-12.7050,-49.5180
2008-08-12T23:18:49.000Z,1.93460,535.930,81864.0,-532.983,-15.3540,-54.5310
2008-08-12T23:19:53.000Z,1.62410,535.480,82218.8,-532.832,-14.8550,-51.6520
2008-08-12T23:20:57.000Z,1.98840,542.800,99708.6,-541.431,-8.62300,-38.1630
2008-08-12T23:22:01.000Z,1.73260,543.660,78529.5,-541.448,-13.4590,-47.6690
2008-08-12T23:23:05.000Z,1.58870,536.870,76313.4,-535.232,-10.7490,-41.1760
2008-08-12T23:24:09.000Z,1.56380,537.400,70646.7,-534.914,-15.1360,-49.9480
2008-08-12T23:25:13.000Z,1.55940,536.940,72526.7,-534.445,-13.6260,-50.5000
2008-08-12T23:26:17.000Z,1.52350,537.690,89385.8,-535.299,-12.6810,-49.6580
2008-08-12T23:27:21.000Z,1.57840,536.700,85633.8,-534.080,-12.1690,-52.2070
2008-08-12T23:28:25.000Z,1.67110,532.350,57996.0,-529.752,-17.8490,-50.1000
2008-08-12T23:29:29.000Z,1.59730,532.500,55116.9,-530.075,-20.7760,-47.0630
2008-08-12T23:30:33.000Z,1.72970,539.030,57773.7,-537.318,-19.1640,-39.1950
2008-08-12T23:31:37.000Z,1.65350,535.610,50902.6,-533.425,-22.2520,-43.6420
2008-08-12T23:32:41.000Z,1.62680,534.670,57697.3,-532.489,-18.1580,-45.4180
2008-08-12T23:33:45.000Z,1.73520,538.110,56458.6,-533.763,-32.5130,-60.8110
2008-08-12T23:34:49.000Z,1.85850,534.160,46294.3,-531.352,-29.6560,-46.8070
2008-08-12T23:35:53.000Z,1.94480,533.690,69044.8,-532.271,-18.6440,-34.9550
2008-08-12T23:36:57.000Z,-1.00000e+31,-1.00000e+31,-1.00000e+31,-1.00000e+31,-1.00000e+31,-1.00000e+31
2008-08-12T23:38:01.000Z,1.81560,531.570,55116.1,-530.014,-21.2470,-35.4470
2008-08-12T23:39:05.000Z,1.74010,530.580,50819.0,-528.467,-25.7010,-40.6100
2008-08-12T23:40:09.000Z,1.69670,531.390,55845.7,-529.621,-22.4770,-37.9600
2008-08-12T23:41:13.000Z,1.85410,532.370,58098.4,-529.433,-28.3120,-48.9670
2008-08-12T23:42:17.000Z,1.65820,534.740,57616.5,-531.954,-27.5670,-47.9520
2008-08-12T23:43:21.000Z,1.71660,533.360,59160.5,-531.024,-25.8040,-43.5410
2008-08-12T23:44:25.000Z,1.68000,536.070,59248.8,-533.460,-24.1150,-47.9020
2008-08-12T23:45:29.000Z,2.10320,535.100,83625.6,-533.506,-15.0710,-39.3150
2008-08-12T23:46:33.000Z,2.03330,534.480,84605.4,-532.290,-18.6030,-45.5840
2008-08-12T23:47:37.000Z,1.96630,530.770,84874.0,-529.595,-15.2410,-32.8110
2008-08-12T23:48:41.000Z,1.82210,525.770,77182.8,-523.485,-18.8960,-46.1470
2008-08-12T23:49:45.000Z,2.04630,530.770,87390.1,-528.675,-15.4880,-45.5120
2008-08-12T23:50:49.000Z,2.56510,531.740,90144.3,-529.823,-16.3620,-43.0860
2008-08-12T23:51:53.000Z,2.00170,529.110,84788.3,-527.108,-15.0720,-44.4700
2008-08-12T23:52:57.000Z,1.91480,519.740,90558.2,-518.495,-6.70300,-36.3400
2008-08-12T23:54:01.000Z,1.76460,519.460,88519.1,-517.132,-8.26800,-49.4220
2008-08-12T23:55:05.000Z,1.87070,516.830,78357.3,-515.357,-8.82400,-39.0930
2008-08-12T23:56:09.000Z,1.79490,516.710,88851.0,-514.159,-14.5760,-50.2170
2008-08-12T23:57:13.000Z,1.84710,519.320,83164.2,-516.653,-13.9730,-51.7540
2008-08-12T23:58:17.000Z,2.10880,518.160,89846.6,-516.233,-10.0880,-44.5970
2008-08-12T23:59:21.000Z,1.82600,-1.00000e+31,71715.4,-1.00000e+31,-1.00000e+31,-1.00000e+31
2008-08-13T00:00:25.000Z,1.85230,519.660,80627.1,-518.013,-4.67000,-42.1700
2008-08-13T00:01:29.000Z,1.81160,523.340,79883.4,-520.877,-10.2780,-50.7930
2008-08-13T00:02:33.000Z,1.92290,523.530,79955.7,-521.711,-3.65900,-44.5930
2008-08-13T00:03:37.000Z,1.89420,525.210,84394.3,-522.845,-13.7300,-49.0660
2008-08-13T00:04:41.000Z,1.91870,529.520,88463.8,-527.276,-11.3650,-48.5650
2008-08-13T00:05:45.000Z,2.14800,526.720,99599.0,-523.470,-17.5970,-56.9530
2008-08-13T00:06:49.000Z,2.13590,527.020,86585.3,-524.045,-20.3750,-53.3510
2008-08-13T00:07:53.000Z,1.98280,527.980,82820.6,-526.047,-16.0610,-43.3700
2008-08-13T00:08:57.000Z,2.08560,529.290,79304.9,-526.678,-18.4420,-50.4630
2008-08-13T00:10:01.000Z,-1.00000e+31,-1.00000e+31,-1.00000e+31,-1.00000e+31,-1.00000e+31,-1.00000e+31
2008-08-13T00:11:05.000Z,2.05480,522.700,54458.1,-519.326,-24.1740,-55.4760
2008-08-13T00:12:09.000Z,1.99460,521.820,50931.8,-517.870,-25.3870,-60.1260
2008-08-13T00:13:13.000Z,2.19880,516.270,56042.0,-511.466,-28.2060,-65.6680
2008-08-13T00:14:17.000Z,1.92810,509.410,61917.2,-505.307,-15.5180,-63.9370
2008-08-13T00:15:21.000Z,2.23530,511.840,65454.2,-508.596,-19.2870,-55.5220
2008-08-13T00:16:25.000Z,2.10280,530.660,47480.6,-526.393,-31.0870,-60.9020
2008-08-13T00:17:29.000Z,2.05090,537.890,55706.5,-534.991,-24.6290,-51.4410
2008-08-13T00:18:33.000Z,2.07340,540.970,52255.4,-537.110,-27.9400,-59.5160
2008-08-13T00:19:37.000Z,2.14650,541.230,55821.5,-538.154,-26.7880,-52.4300
2008-08-13T00:20:41.000Z,2.17510,535.550,51410.0,-531.031,-30.0860,-63.9490
2008-08-13T00:21:45.000Z,2.21760,530.170,57066.0,-525.832,-31.1770,-61.5220
2008-08-13T00:22:49.000Z,2.06390,530.840,49644.5,-527.484,-26.0150,-55.1120
2008-08-13T00:23:53.000Z,2.30420,539.820,58424.9,-536.099,-29.9620,-57.2340
2008-08-13T00:24:57.000Z,2.08900,526.730,53333.0,-524.071,-22.7230,-49.1920
2008-08-13T00:26:01.000Z,2.00830,519.500,51832.4,-515.772,-24.8020,-58.4690
2008-08-13T00:27:05.000Z,2.04590,516.600,50713.1,-513.762,-25.4510,-49.2060
2008-08-13T00:28:09.000Z,2.12270,519.570,53461.0,-515.959,-27.8840,-55.9490
2008-08-13T00:29:13.000Z,2.01950,522.980,52428.7,-518.691,-28.0140,-62.2040
2008-08-13T00:30:17.000Z,2.38660,520.720,48408.2,-516.741,-29.2150,-58.7900
2008-08-13T00:31:21.000Z,2.05340,529.900,57137.1,-525.719,-21.3250,-64.4590
2008-08-13T00:32:25.000Z,2.05220,511.040,51934.5,-509.179,-23.9960,-37.9980
2008-08-13T00:33:29.000Z,2.13170,511.210,62406.9,-508.786,-27.7310,-42.8410
2008-08-13T00:34:33.000Z,2.25080,514.910,64210.0,-512.926,-18.4140,-42.7960
2008-08-13T00:35:37.000Z,2.07200,514.700,60480.8,-510.225,-24.0750,-64.9300
2008-08-13T00:36:41.000Z,2.15550,519.620,64393.9,-515.807,-22.8340,-60.1930
2008-08-13T00:37:45.000Z,2.49770,518.190,67610.4,-514.851,-19.0730,-57.1480
2008-08-13T00:38:49.000Z,2.21380,517.570,65866.0,-514.049,-19.5590,-58.6920
2008-08-13T00:39:53.000Z,2.20690,519.100,67275.6,-516.737,-16.3170,-48.3860
2008-08-13T00:40:57.000Z,2.05330,522.950,64609.6,-519.835,-18.6230,-55.5020
2008-08-13T00:42:01.000Z,2.11500,517.510,64986.0,-515.282,-18.9500,-45.8170
2008-08-13T00:43:05.000Z,-1.00000e+31,-1.00000e+31,-1.00000e+31,-1.00000e+31,-1.00000e+31,-1.00000e+31
2008-08-13T00:44:09.000Z,2.29550,516.480,81598.0,-514.495,-16.2060,-44.0040
2008-08-13T00:45:13.000Z,1.96140,519.220,65338.0,-516.174,-20.2750,-54.1220
2008-08-13T00:46:17.000Z,2.21150,522.560,65845.4,-518.475,-19.9840,-63.7710
2008-08-13T00:47:21.000Z,2.13540,523.740,59641.6,-520.997,-19.8100,-51.4490
2008-08-13T00:48:25.000Z,2.17260,521.840,64562.7,-517.770,-24.8690,-61.9120
2008-08-13T00:49:29.000Z,2.29560,523.890,62160.7,-521.181,-16.3430,-52.4410
2008-08-13T00:50:33.000Z,2.09250,524.060,54662.0,-520.358,-29.1350,-56.7800
2008-08-13T00:51:37.000Z,2.11810,524.000,49205.0,-519.986,-27.1170,-60.5830
2008-08-13T00:52:41.000Z,2.19620,523.270,62173.5,-518.672,-27.5280,-65.3720
2008-08-13T00:53:45.000Z,2.26080,526.440,58137.5,-522.156,-26.3190,-63.5050
2008-08-13T00:54:49.000Z,2.13650,527.700,61109.2,-524.230,-18.0140,-59.5570
2008-08-13T00:55:53.000Z,2.45280,521.910,60539.5,-518.083,-28.3370,-58.2880
2008-08-13T00:56:57.000Z,2.79480,520.110,69664.2,-517.274,-20.8410,-51.9530
2008-08-13T00:58:01.000Z,1.98340,526.760,48584.1,-522.417,-26.6710,-63.8720
2008-08-13T00:59:05.000Z,2.28640,523.740,55132.2,-520.044,-24.7210,-58.8770
2008-08-13T01:00:09.000Z,2.06040,525.840,43685.5,-520.878,-31.3810,-66.8210
2008-08-13T01:01:13.000Z,2.10230,523.780,57762.5,-519.009,-28.2510,-66.5420
2008-08-13T01:02:17.000Z,2.23520,522.630,46619.2,-518.831,-26.5680,-58.9320
2008-08-13T01:03:21.000Z,2.04090,532.130,52731.6,-527.505,-26.6030,-66.6750
2008-08-13T01:04:25.000Z,2.01480,524.450,46310.2,-521.823,-22.1030,-49.5580
2008-08-13T01:05:29.000Z,1.80720,526.280,47292.1,-522.800,-22.6260,-58.0230
2008-08-13T01:06:33.000Z,2.12180,527.240,51345.0,-524.270,-20.5600,-53.9350
2008-08-13T01:07:37.000Z,2.11650,526.190,49123.0,-521.580,-27.3740,-65.8540
2008-08-13T01:08:41.000Z,2.16110,528.950,52576.6,-524.668,-28.4080,-62.9130
2008-08-13T01:09:45.000Z,2.20530,525.110,55452.2,-521.797,-23.9830,-55.8260
2008-08-13T01:10:49.000Z,2.35760,529.120,50556.2,-525.587,-23.6200,-58.3760
2008-08-13T01:11:53.000Z,2.30720,530.330,52015.1,-527.560,-19.7360,-52.4940
2008-08-13T01:12:57.000Z,2.20560,527.780,49709.8,-524.883,-23.7250,-51.8900
2008-08-13T01:14:01.000Z,2.20860,528.880,51385.3,-525.820,-22.0620,-54.4490
2008-08-13T01:15:05.000Z,2.30380,528.310,44407.8,-523.373,-30.3850,-67.4310
2008-08-13T01:16:09.000Z,-1.00000e+31,-1.00000e+31,-1.00000e+31,-1.00000e+31,-1.00000e+31,-1.00000e+31
2008-08-13T01:17:13.000Z,2.46100,526.850,47095.3,-522.706,-30.6740,-60.5530
2008-08-13T01:18:17.000Z,2.53970,514.900,61631.8,-511.384,-29.6050,-54.4160
2008-08-13T01:19:21.000Z,2.27800,521.350,51766.9,-518.300,-26.7270,-51.7150
2008-08-13T01:20:25.000Z,1.78530,524.760,43211.4,-521.683,-27.1380,-52.0500
2008-08-13T01:21:29.000Z,2.18400,515.930,54888.5,-513.238,-22.7110,-49.6680
2008-08-13T01:22:33.000Z,2.31160,521.490,53242.9,-517.119,-32.5010,-61.2450
2008-08-13T01:23:37.000Z,2.13680,512.790,60476.5,-508.568,-28.2350,-61.5120
2008-08-13T01:24:41.000Z,2.36920,513.620,55161.5,-509.390,-29.7720,-60.8530
2008-08-13T01:25:45.000Z,2.06340,513.720,58462.3,-509.629,-26.7870,-61.0870
2008-08-13T01:26:49.000Z,2.27890,513.070,60757.7,-510.517,-21.0240,-48.8740
2008-08-13T01:27:53.000Z,1.92870,507.960,61834.2,-505.408,-18.8330,-49.4990
2008-08-13T01:28:57.000Z,2.23030,509.210,58411.1,-506.564,-22.3180,-49.0500
2008-08-13T01:30:01.000Z,2.14960,509.460,67450.3,-506.084,-24.8640,-55.3160
2008-08-13T01:31:05.000Z,2.25880,510.170,60630.3,-507.101,-22.3280,-53.4580
2008-08-13T01:32:09.000Z,2.21450,509.910,66334.2,-505.289,-30.9790,-63.3840
2008-08-13T01:33:13.000Z,2.18780,510.120,58565.1,-505.727,-27.4520,-63.2310
2008-08-13T01:34:17.000Z,2.09980,510.030,62058.4,-507.066,-20.6200,-53.2350
2008-08-13T01:35:21.000Z,2.05920,510.210,56553.2,-507.097,-25.4760,-52.5290
2008-08-13T01:36:25.000Z,2.14300,510.410,60810.2,-507.449,-26.2950,-50.5070
2008-08-13T01:37:29.000Z,2.23290,510.090,58916.3,-506.359,-27.2500,-57.5690
2008-08-13T01:38:33.000Z,2.34700,510.090,66266.7,-506.627,-29.1900,-54.0720
2008-08-13T01:39:37.000Z,2.55280,505.650,74805.0,-501.818,-28.7160,-57.4620
2008-08-13T01:40:41.000Z,2.21370,507.150,68740.9,-502.961,-30.0960,-60.0330
2008-08-13T01:41:45.000Z,2.55890,507.120,64028.6,-503.921,-28.2610,-51.8220
2008-08-13T01:42:49.000Z,2.13120,510.850,58948.8,-506.958,-29.4240,-58.0760
2008-08-13T01:43:53.000Z,2.34550,509.920,59861.4,-507.500,-24.7860,-45.4020
2008-08-13T01:44:57.000Z,2.25280,512.360,61573.8,-509.114,-32.2400,-50.1690