time,Vswe,Tswe,nswe,BmagMFI,BxMFI,ByMFI,BzMFI,Vmom,Tmom,nmom,BmagFGM,BxFGM,ByFGM,BzFGM,MPAUSEdistance,BowShockDistance,DynamicPressure
2008-08-12 20:00:25,552.1730642832913,135100.0,1.9094,1.29025,-0.22,-0.8089999999999999,0.1605,21.86552058676001,42239196.56654567,0.243302076,46.409295,12.43971,1.9702575,44.66593999999999,9.503380911832137,12.116810662585975,1.9444367460076355
2008-08-12 20:01:25,547.9297458333504,138372.0,2.2596,1.03775,0.7417499999999999,0.0775,0.6637500000000001,22.08023456058593,43728992.11394876,0.24038824,45.583420000000004,11.863274999999998,1.23768915,43.99381000000001,9.264154915482694,11.811797517240432,2.2658324315952507
2008-08-12 20:02:35,548.0483965901186,127357.0,2.0994,1.411,0.6679999999999999,-0.45425,1.10575,20.383665979313555,41468799.29578417,0.2505864935,45.54759,11.361469999999999,1.23246775,44.087155,9.377718523952801,11.956591118039821,2.10610239814688
2008-08-12 20:03:35,547.1727307624166,127261.0,2.1753,1.27325,0.6307499999999999,-0.2795,1.05475,22.54235411253606,42594635.37916641,0.23164678850000006,46.3045,12.209079999999998,2.252826,44.604525,9.327344566680184,11.892364322517235,2.17527674810649
2008-08-12 20:04:45,547.7841435620421,123535.0,2.0513,1.27625,0.4165,-0.667,0.95425,25.023711756968503,39221673.16899172,0.2564140250000001,45.51813,11.858615,1.4983159999999998,43.919985,9.41552801934437,12.004798224664073,2.0558648459172733
2008-08-12 20:05:45,548.1003101887463,124526.0,2.0187,1.54875,-0.12125,-1.09875,1.051,17.875504772319218,46155499.83727442,0.22436224149999995,44.352,11.653195,1.6885260000000002,42.75849,9.438885458361916,12.03457895941144,2.025528440684631
2008-08-12 20:06:45,548.625560018853,122508.0,1.9413,1.91875,0.68525,-0.7120000000000001,1.6110000000000002,18.03383321422188,44347562.50168177,0.2229053115,44.196985,10.702595,1.56515325,42.849985,9.497556975812651,12.109385144161127,1.9516017356870081
2008-08-12 20:07:55,548.3506615269101,112826.0,2.0304,1.91375,0.27225,-1.11175,1.51025,17.342816489200356,45594208.50440551,0.21853456750000005,43.680285,11.073735000000001,2.001359,42.203179999999996,9.428363205365603,12.021163086841145,2.039129534875784
2008-08-12 20:08:55,547.750985236905,114392.0,1.9601,1.78375,0.08225,-1.0759999999999998,1.17325,16.64531994705739,44172483.93678699,0.222905197,43.916555,12.12884,1.2795098499999995,42.18642000000001,9.487357557077363,12.096380885273641,1.9642240772641903
2008-08-12 20:10:05,549.6565828096668,129285.0,1.9901,1.61775,0.28725,-1.34475,-0.8035000000000001,16.029396913992098,37945683.05899705,0.257870645,45.08938499999999,12.506265,0.92016535,43.309305,9.452421251235947,12.051837095325832,2.008187380370128
2008-08-12 20:11:05,551.274600731795,103239.0,1.9689,1.8765,0.1975,-1.42725,-1.17075,18.457973973148373,36345899.34442507,0.2636981625,45.65102,12.96337,1.1683502999999995,43.75442,9.460035324387286,12.061545038593794,1.9985089271336736
2008-08-12 20:12:05,552.5702663489957,123762.0,2.035,1.32675,0.0495,-1.25975,-0.36775,22.52223425903357,40909001.496290185,0.21562053650000004,45.783115,11.82818,1.4178319499999998,44.20357,9.400756192862222,11.985964145899331,2.0753239798327163
2008-08-12 20:13:15,550.7882000633274,124605.0,1.8768,1.4139999999999997,-0.16675,-1.27175,-0.56425,14.465803779643734,46188116.96987514,0.199594627,45.496559999999995,11.42313,2.005429,43.993045,9.53867724585901,12.161813488470235,1.9016637000825325
2008-08-12 20:14:15,553.3488192605097,117676.0,1.9883,1.38525,-0.106,-1.30925,-0.3967500000000001,15.489615874315385,43715633.57487801,0.2083359705,45.40115000000001,11.780115000000004,1.7078130000000002,43.81178000000001,9.432772953199148,12.026785515328916,2.033416552471627
2008-08-12 20:15:25,550.5820395699445,134975.0,1.9124,1.4260000000000002,-0.21875,-1.2839999999999998,-0.5345,18.124093078924005,43045949.3713534,0.20396531700000006,44.785975,11.31352,1.4037501500000005,43.31,9.51003743442087,12.12529772888661,1.9362850056131744
2008-08-12 20:16:25,549.2273081193251,127915.0,1.7524,1.4475000000000002,0.047,-1.10275,-0.91325,27.050588699274716,38066181.57606969,0.24621532199999996,44.39427500000001,11.637915,1.535184,42.81109500000001,9.65746435961247,12.3132670585059,1.7655659988245291
2008-08-12 20:17:25,551.1611722400264,117951.0,1.7645,1.63125,0.28200000000000003,-1.28925,-0.06949999999999998,17.908999766313975,43982929.499010295,0.2127067605,44.16771999999999,11.907665,1.0466346,42.51455000000001,9.63509971404508,12.284752135407476,1.790298137281253
2008-08-12 20:18:35,553.9501956421715,133395.0,1.9192,1.045,0.5735,-0.5890000000000001,-0.31025,25.45780796913662,41939597.76617868,0.2199912775,44.728809999999996,10.7845,1.3574258499999998,43.382205000000006,9.4851109762798,12.093516494756743,1.9670171295901844
2008-08-12 20:19:35,552.8711445373142,125850.0,1.9504,1.226,0.5495,0.29075,-0.972,24.12586400334643,44043598.9378915,0.2054223535,44.72895000000001,11.55594,2.5416389999999995,43.128335,9.46580251897441,12.068898211692373,1.9912143009822936
2008-08-12 20:20:45,553.4029243923453,132475.0,1.909,1.09875,0.15250000000000002,-0.81125,-0.46325,21.460657698888088,45030404.3134174,0.20105263,44.429165000000005,9.430571999999998,2.567933,43.3347,9.496667319682446,12.108250832595122,1.95269895921278
2008-08-12 20:21:45,551.1433069810428,117793.0,2.0286,1.27675,0.24575,-1.0495,-0.5357500000000001,20.808510681181684,41865871.77327748,0.2010609425,46.40564500000001,12.6015005,3.8441527600000014,44.423495,9.413803156620324,12.002599024690912,2.05812602091034
2008-08-12 20:22:45,553.5271123955898,112173.0,1.7221,1.52475,0.17075,-1.29,-0.5369999999999999,31.852809031658744,42275328.50340699,0.2039850155,44.09305,10.62065,1.5173959,42.757979999999996,9.66043468593743,12.317054224570224,1.7623113144699307
2008-08-12 20:23:55,556.0271027539934,106875.0,1.7996,1.929,0.4980000000000001,-0.191,-1.82225,25.87213573171278,37616891.29015879,0.2389652925,44.57433999999999,10.455175,1.882015,43.28852500000001,9.575424682108967,12.20866646968893,1.8582937816882632
2008-08-12 20:24:55,551.4473238379164,109233.0,2.15,2.114,0.7485,0.8459999999999999,-1.62925,29.002250755496178,29973624.46425639,0.2754073334999999,46.09844500000001,11.415301,2.347195,44.57235000000001,9.321338395233326,11.88470645392249,2.183700098101208
2008-08-12 20:26:05,552.3424353433294,114110.0,1.8139,2.189,1.05775,1.26975,-1.4205,82.75516100149666,18402078.07867036,0.51149852,46.863455,9.86554,3.81963432,45.59083,9.58401906036898,12.219624301970448,1.8483177259097632
2008-08-12 20:27:05,551.1140142710943,110040.0,1.8378,2.18,1.11,1.0905,-1.52125,77.19825602031395,18594367.17555298,0.986618368,45.51915999999999,12.515272499999998,0.2388488000000001,43.66864,9.570232813169254,12.2020468367908,1.8643507581016832
2008-08-12 20:28:05,547.2575741376265,118755.0,1.7416,2.2015,1.0695,0.91825,-1.685,99.05046393227032,18006957.972546328,0.5814757665000001,46.25786,13.693995,-0.5620978,44.122225,9.679004669457644,12.340730953558495,1.7421215172197289
2008-08-12 20:29:15,550.2556507460873,115804.0,1.6989,2.3592500000000003,1.422,0.6369999999999999,-1.75625,18.582116074717323,46711749.96210633,0.193814152,43.58091,11.374330000000002,1.7501956500000002,42.026255,9.701447904938666,12.369346078796802,1.7180796961016362
2008-08-12 20:30:15,551.3751632509394,117367.0,1.8297,2.1130000000000004,1.24975,0.478,-1.58475,24.682647260737873,46272633.35932921,0.19234710550000006,43.393705,10.3169295,1.7854575,42.109895,9.575768714199619,12.209105110604515,1.85789323612714
2008-08-12 20:31:25,550.5688545804239,117826.0,1.8162,1.92375,1.3265,-0.65325,-1.2095,29.487355146535435,30967505.2421616,0.27102089100000004,43.99279000000001,11.299665,0.86345155,42.498015,9.592273148364539,12.230148264164786,1.8387954396187165
2008-08-12 20:32:25,551.1553857035237,119049.0,2.0287,1.7690000000000001,1.2745,-0.79425,-0.92025,32.775883639785285,32049555.298383664,0.2360392295,43.3938,10.746927499999998,1.43562585,41.97988500000001,9.413657047844428,12.002412736001643,2.058317692610636
2008-08-12 20:33:25,551.2273767158157,113709.0,1.9169,1.753,1.27075,-1.04175,-0.50725,43.19571227115553,29128317.83561147,0.2505965525,43.24285,9.826838,3.1999503,41.919109999999996,9.50260170710374,12.115817176557266,1.9453935944469758
2008-08-12 20:34:35,550.1435304481912,129988.0,1.9371,1.80175,1.213,-1.18575,0.5165,43.19787633313881,31323804.51575995,0.2301989610000001,45.14755000000001,11.1740565,3.9810855,43.459534999999995,9.492239457455009,12.102605308255134,1.9581706109084265
2008-08-12 20:35:35,552.3003400342968,137774.0,2.0939,1.48375,1.26125,-0.629,-0.1115,121.34339153172891,15749823.60489742,1.5825022885,40.69893500000001,10.315217500000001,-3.3745439000000004,37.338925,9.357681715242414,11.931044186934075,2.1333053618814524
2008-08-12 20:36:45,548.6706351664905,114932.0,1.8136,1.6235,0.7240000000000001,0.2735,-1.08075,38.69687349851282,31277581.531680897,0.2098839675,45.143095,12.192135,3.25831885,43.27916000000001,9.605615654237337,12.247159959152606,1.823523685653497
2008-08-12 20:37:45,554.5199535345865,108816.0,1.8828,2.0355000000000003,0.9229999999999999,0.27875,-1.78025,34.90785711634087,26926341.93749465,0.2551255625000001,44.775825,12.661235,1.6076937999999998,42.89489,9.512170030483263,12.128016788866162,1.9336818141151195
2008-08-12 20:38:45,555.646230443436,112639.0,1.903,1.92375,0.6685,0.514,-1.6465,34.96891862334074,21921818.29202539,0.278504239,44.58356,11.178984500000002,2.6320532,43.034595,9.488846915961458,12.098279817850855,1.962374988383205
2008-08-12 20:39:55,559.2117465933634,123565.0,1.9633,1.8105,0.32675,0.52125,-1.6865,86.72842261447309,24545988.94959051,0.303357585,44.48844000000001,12.283055,0.5178418,42.71819000000001,9.419535548742084,12.009907824646158,2.050622434153213
2008-08-12 20:40:55,556.1436040934033,106779.0,1.6934,1.82275,0.18675,0.4285,-1.731,181.06719282915265,16120061.650187893,3.693658017,25.6448135,4.85234652,3.705267199999999,13.111186500000002,9.672315496879367,12.332202258521194,1.7493629175521763
2008-08-12 20:42:05,553.7380264818374,109543.0,1.8723,2.05675,0.46025,0.06225,-1.9975,150.01626555157856,10617202.984224156,6.00711093,15.7888615,-0.12597140000000007,5.8159044,-9.381162,9.525519563431512,12.14503744337518,1.9174789333674669
2008-08-12 20:43:05,556.8101311461564,109142.0,1.7951,2.14025,0.742,-0.23800000000000002,-1.9795,141.66538977582252,10379916.716262458,6.705264399999999,14.719844500000002,0.523020895,7.23741315,-6.09536305,9.574928619360977,12.208033989685246,1.8588715090603058
2008-08-12 20:44:05,558.283535929549,110925.0,1.7401,1.9535,0.06075,-0.075,-1.9425,140.31990095523423,14950827.440449934,6.00711093,19.139355,-2.7465735000000002,4.9342752,-13.386898,9.616242079121056,12.260708650879348,1.8114665328064519
2008-08-12 20:45:15,557.4842603527028,103906.0,1.8606,1.986,0.5579999999999999,-0.5670000000000001,-1.77075,207.72764032061542,17571274.021885697,6.68454399999999,16.558999,-4.3599145,-10.9180785,-2.9595315865000003,9.514069570879736,12.130438702871663,1.9313665437967933
2008-08-12 20:46:15,559.2558703858192,105554.0,1.7547,1.8965,0.7667499999999999,-0.77,-1.495,136.3356768680651,9807072.035703447,7.471945289999999,17.596400999999997,-6.0402520000000015,-13.440010999999998,-8.157751086500001,9.597291794036412,12.236547037396425,1.8330336848231967
2008-08-12 20:47:25,555.4287682862673,108520.0,1.9655,1.8165,0.50725,-1.21725,-1.20075,129.58240865473468,9228095.61454338,8.470107015,16.465138,-6.8537933,-13.312615499999998,-4.44255048,9.43911037092035,12.034865722923445,2.0252388754847734
2008-08-12 20:48:25,561.0219918915834,119318.0,1.7481,1.79575,0.392,-1.01325,-1.384,97.82800800432886,8981289.118844185,9.108110465,13.3051205,-3.7565069500000012,-5.1680155,-11.111902500000005,9.593233638829565,12.231372889507695,1.8376910965751698
2008-08-12 20:49:25,555.419473676428,107169.0,2.0294,1.4715,0.354,-0.718,-1.18025,113.79510010727849,8099944.1994550675,9.66332745,15.797086499999995,-5.6176912,-13.3252525,-4.570767250000001,9.38896497277239,11.9709303402848,2.0910110506021247
2008-08-12 20:50:35,554.1082800698796,115270.0,1.7761,1.65675,0.8495,-0.929,-1.022,92.58613330719251,8047640.853747336,8.75185927,14.042438499999998,-4.401663500000001,-8.2091985,-10.033924,9.607489386531515,12.249548967827685,1.8213908934627157
2008-08-12 20:51:35,555.3387143410765,116301.0,1.8609,1.67775,0.927,-0.9445,-0.91775,87.35367297208151,8246832.902239967,8.38277126,14.4731215,-3.9559663500000006,-10.3969005,-3.9351800999999997,9.526050355405252,12.145714203141697,1.916837970561473
2008-08-12 20:52:45,555.0446509849455,107389.0,1.7531,1.3805,0.23125,-0.6509999999999999,-1.09425,81.26965674762218,8965798.984402765,8.340264245,10.983505,-3.4530992,-9.857412,1.15425015,9.622965753043108,12.269281335129962,1.8038856340527487
2008-08-12 20:53:45,554.5134729373127,119594.0,1.9039,1.6835,0.1795,-0.60975,-1.55175,121.94557199679329,9403560.121356087,7.498883140000001,25.163423,-0.25099370000000004,-16.81308,13.2970335,9.494555537433436,12.105558310227627,1.9553063284381536
2008-08-12 20:54:45,551.1702399876103,136992.0,1.8932,1.919,0.33675,-0.466,-1.82625,114.09401799725893,9048772.791493904,8.543927565,12.088213499999998,-4.4135355,-7.4233544999999985,-7.9409230000000015,9.5226544732447,12.141384453386994,1.9209430204181368
2008-08-12 20:55:55,553.1446391984649,104696.0,2.1746,1.68025,0.42475,-0.34425,-1.58075,106.45286957123793,9440962.03291336,8.326911445000002,12.7677945,-3.7339745000000004,-9.819817,-4.65306559,9.294154675526173,11.85004721129587,2.2223029668955303
2008-08-12 20:56:55,554.6507966648925,107582.0,1.7529,1.71625,0.6795,0.20125,-1.5005,126.82237559087069,8652919.192486938,8.647907730000002,15.4966255,-4.1909114999999995,-14.4791225,0.40626690000000004,9.625425977491027,12.272418121301058,1.8011210008640948
2008-08-12 20:58:05,554.8341138754898,101014.0,1.7663,2.05525,0.6405,0.221,-1.92975,119.28465757926693,8771685.767555056,7.846349260000001,21.71066,-7.4913215000000015,-15.2385375,-11.509598,9.612157957121429,12.255501395329821,1.8160894989091927
2008-08-12 20:59:05,552.6174654188917,112210.0,1.6999,2.05875,0.44275,0.095,-2.00325,112.69754605925314,8759284.604014065,7.41213825,23.63137,-9.631644,-12.993012000000002,-16.774214999999998,9.686657208360653,12.350487940659836,1.7338800672572376
2008-08-12 21:00:05,551.6076393986943,103689.0,1.999,2.05275,0.48975,0.24525,-1.95625,151.99861191512937,8953327.754201416,8.225938865,17.151975999999998,-5.05782735,-1.4563315,-15.337333,9.434244759621162,12.028662068516981,2.031513933691845
2008-08-12 21:01:15,552.0319098947089,116263.0,1.9513,1.997,1.246,-1.3019999999999998,0.003249999999999989,134.44841868126366,9641956.39494362,8.609666579999999,10.5701135,-0.74276732,3.993131,-9.4810115,9.469868770048011,12.074082681811214,1.9860897797417172
2008-08-12 21:02:15,552.0162560378092,119510.0,1.9832,2.02225,1.0379999999999998,-1.6565,0.4665,138.68263775507822,9649960.966280753,7.242028725,18.237274000000006,-2.20063405,-5.77296333,-9.7689795,9.444398879562543,12.041608571442245,2.0184440476062644
2008-08-12 21:03:25,551.0455398830481,111117.0,2.14,1.774,0.99025,-1.39275,0.15300000000000002,134.88275944655174,8441055.223391548,7.84975666,12.064981,0.88494566,8.878592999999997,-5.46501085,9.330850610043717,11.896834527805733,2.1703772243798904
2008-08-12 21:04:25,555.1282297010305,112621.0,1.9194,1.69725,1.0625,-1.301,0.06599999999999999,101.04668089334528,8637459.557533268,8.012793065,12.834242499999998,2.6694500000000003,8.038243,-8.559034,9.478232179503069,12.08474602886641,1.975598023756234
2008-08-12 21:05:25,554.8832860467146,108757.0,1.7833,1.76425,1.145,-1.15925,-0.55925,129.50352286870572,8974175.505614972,7.623272314999999,16.962498999999998,-2.539477,4.181664700000002,-15.996597499999995,9.59654151289795,12.235590428944885,1.8338937193064768
2008-08-12 21:06:35,554.1777023681124,122179.0,1.9796,1.61225,0.5257499999999999,-0.50825,-1.3875000000000002,114.31463891309444,8135677.45634192,9.23973614,15.434812500000005,-3.150663,-5.368900077999999,-10.482736000000001,9.434960919407473,12.029575172244527,2.0305888980449147
2008-08-12 21:07:35,550.5588005118071,111219.0,1.8778,1.715,1.04425,-0.6212500000000001,-1.1525,120.33127315774924,7619208.786689535,10.23950824,7.9592645000000015,-1.1767803999999995,-7.376774,-0.23318267999999995,9.539154954827293,12.162422567404802,1.9010923739543744
2008-08-12 21:08:45,553.9580944376569,131053.0,2.1188,1.89025,0.9085,-0.4325,0.43725,126.74692319882702,8327177.539082939,8.976785455000002,10.249654500000002,-3.6177005500000012,-8.552184,-1.89264175,9.329937420586221,11.89567021124743,2.17165212080062
2008-08-12 21:09:45,551.6026109882004,123161.0,2.0101,2.09675,1.4455,-0.742,1.31725,128.96566598623176,7953470.113748869,9.11657438,12.0299405,-6.630968499999999,-9.20296,-2.9598286531499998,9.425570526665696,12.01760242149876,2.042757232567426
2008-08-12 21:10:45,549.1140109030182,107101.0,2.2765,1.4765,1.09025,-0.49375,0.84625,112.8221325460577,7799182.849186553,9.07852803,13.631981,-5.1209965,-11.302133000000005,-3.50656195,9.246000478501717,11.788650610089686,2.2926574539233644
2008-08-12 21:11:55,551.2270139706508,108128.0,1.8632,2.09925,1.7855,-0.3435,1.00525,123.4734076646849,8829490.555362577,6.316095805,23.586385,-3.0097716455000003,-19.2764,8.899194,9.547711453712372,12.173332103483276,1.8908928867610548
2008-08-12 21:12:55,551.8247708140692,112739.0,2.0753,2.1972500000000004,1.5275,-0.9520000000000001,1.2295,133.1635191486376,8100698.68064221,6.899051439999999,22.59072,-4.0040296,-7.528335900000003,-17.517117000000002,9.374299344582436,11.952231664342605,2.1107156782378014
2008-08-12 21:14:05,551.1519474790958,120128.0,1.9166,2.03925,1.00875,-1.50625,0.92225,128.26475577880794,8099716.871718491,6.59429435,24.711154999999998,-7.202516999999999,-3.6595437,-23.15337,9.50328308558667,12.116685934123005,1.9445568446135402
2008-08-12 21:15:05,551.7992578121142,121183.0,2.0269999999999997,2.0615,1.1725,-1.56175,0.58925,146.9222447452503,9019819.157547358,6.311416025,25.73805,-3.4981525500000004,3.58307705,-24.671214000000003,9.411309017820749,11.999418997721454,2.061400796477707
2008-08-12 21:16:05,552.2514442226475,117186.0,2.0026,1.94775,1.1605,-1.35375,0.59125,134.69661531043104,9248836.922742097,6.812780169999997,18.488535,-1.83064405,1.9712657,-17.933628000000006,9.427749624268627,12.0203807709425,2.0399259337902773
2008-08-12 21:17:15,551.2749887506235,117457.0,2.0734,1.872,1.21725,-1.27625,0.60975,136.4506611475779,8386895.321328506,7.331655825,17.268075,-2.68544653,0.2463020865,-16.759422500000003,9.378846262564817,11.958028984770143,2.1045833931040137
2008-08-12 21:18:15,551.2965513723082,114415.0,1.9739,1.7970000000000002,1.2855,-1.138,0.41275,133.85509905637758,8425168.822839176,8.362138999999999,11.507339999999996,-3.3293260000000005,-0.0519162899999999,-10.708260499999998,9.455911798718011,12.056287543365466,2.0037436791976804
2008-08-12 21:19:25,552.8866961919051,109275.0,1.9404,2.1955,1.76375,-1.273,0.07275000000000002,119.93392772668685,9188203.236337816,8.430615305,8.8136925,-2.1107084,-2.734942,-7.4872953499999975,9.473826742809717,12.079129097082394,1.9811164883345809
2008-08-12 21:20:25,552.1142699378453,113710.0,1.9233,2.30025,1.905,-1.20675,-0.37875,124.3929547079433,9482174.282668317,8.031209795000002,5.302117300000001,-1.87953733,-2.954542275000001,-3.1549397500000014,9.492236126760984,12.102601061620257,1.958174733481517
2008-08-12 21:21:25,551.3388015739506,109750.0,1.8945,2.15225,1.5665,-1.44425,-0.2315,127.63989657852001,9563243.561691528,8.112804450000002,5.2250488,-1.7626720999999996,-0.551058646,-4.026557025,9.52059464636257,12.138758174112274,1.923438001682264
2008-08-12 21:22:35,552.4914451835431,125488.0,1.8947,1.9055,1.20925,-1.43075,-0.2865,133.58547964368387,9925499.430297887,7.531236394999999,11.989888000000002,-1.812961885,-1.2366802499999996,-1.3133169499999997,9.513801822696747,12.130097323938351,1.9316926949678341
2008-08-12 21:23:35,551.2128092397709,116590.0,1.8641,1.97675,1.39825,-1.36525,-0.17675000000000002,140.77250693882226,9246662.558101712,8.64341289,9.430514500000001,-0.03063609999999996,-2.94889985,8.551045499999999,9.547025023311033,12.172456904721566,1.8917087637645609
2008-08-12 21:24:45,549.0910509569428,123848.0,1.8621,1.974,1.7309999999999999,-0.6865,-0.51475,123.38330502026493,9378872.2493495,8.009442485000001,10.3106255,-2.57864542,-6.529535,6.9140585,9.561016634799802,12.190296209369748,1.8751594299634269
2008-08-12 21:25:45,551.0363884182242,114121.0,1.8116,2.17575,1.90725,-0.8025,-0.6405,126.38077661456025,9305702.077750407,8.427825744999998,13.359304999999999,-0.8131461800000002,-9.8265645,8.395017000000001,9.593613486904786,12.231857195803606,1.8372545722134628
2008-08-12 21:26:45,550.4283271816595,116697.0,1.9122,2.10075,1.6905,-0.6205,-1.0670000000000002,124.1583972145989,9332349.65816661,8.324391744999998,7.4848104000000015,-0.30375559999999996,-6.460215900000001,3.1486710500000004,9.511088394905553,12.12663770350458,1.9350016212873409
2008-08-12 21:27:55,560.7601171534936,113074.0,1.9823,2.08875,1.66575,-0.1595,-1.21875,132.7394100731064,9405063.09554721,8.220956225,9.857951,-2.1007254,-8.5796445,2.35244465,9.395763852569642,11.979598912026296,2.081948984097529
2008-08-12 21:28:55,555.8095394530396,116426.0,1.8865,2.2825,1.6527500000000002,-0.0525,-1.56425,124.3470723187637,8965531.832355287,8.218212874999999,13.8838335,-4.12044955,-11.4674385,-3.75791135,9.501698128799982,12.114665114219976,1.9465038591882744
2008-08-12 21:30:05,553.3219658291183,107494.0,1.9025,2.3135,1.6795,0.332,-1.5470000000000002,111.11209431435879,8950990.808200164,8.359990865,14.465934,-5.276825,-8.185317499999998,-10.3766975,9.502530693516123,12.115726634233056,1.94548082507888
2008-08-12 21:31:05,550.8180356760298,111312.0,1.7274,1.47875,-0.13874999999999998,-0.88575,0.511,99.53585683202229,8839741.142488878,8.462424025,12.165354999999998,-4.603638,-9.1438225,-6.1674625,9.671291923439721,12.330897202385644,1.7504740877719425
2008-08-12 21:32:05,551.8989072910003,115530.0,1.9007,1.62825,-0.35,-1.21875,1.0045,102.38698634165729,8153062.581005096,9.435206105,10.309523,-2.3899728100000006,-9.0440985,-2.40875925,9.51219157849558,12.128044262581867,1.9336555319929207
2008-08-12 21:33:15,555.1703656194195,114966.0,1.8725,1.739,-0.53375,-1.15025,1.17375,99.4544272944574,7646418.200009762,9.98819745,10.849173,-3.46808665,-9.730699,-2.57555925,9.517151133494345,12.134367695205288,1.9276174315471768
2008-08-12 21:34:15,554.2625495746578,107531.0,2.11,1.6182500000000002,-0.45225,-1.27025,0.8760000000000001,114.50150090692064,8516039.686591482,9.014729515,10.5477575,-2.7395555,-9.725184,-2.1997000250000003,9.334701641129048,11.901744592439535,2.1650104275880118
2008-08-12 21:35:25,555.3304867734166,116291.0,1.8969,1.77725,-0.7157500000000001,-0.98975,1.2632500000000002,128.7828470754854,9250554.372034328,8.55289122,7.930333999999999,-1.873940205,-7.5704495,-0.14344232999999998,9.49572475435338,12.107049061800561,1.9538622215353032
2008-08-12 21:36:25,553.9995681090373,121588.0,1.8479,1.744,-0.74075,-1.08225,1.13975,119.11681737934198,8697536.664783603,8.990147825000003,9.716224,-1.21212202,-9.0589605,2.75622795,9.54486542166428,12.169703412621956,1.89427830166468
2008-08-12 21:37:25,557.7627278628431,121620.0,1.8544,1.73875,-0.63975,-1.17375,1.0979999999999999,116.77481156123389,9087709.146364694,8.4839538,7.8956050000000015,-1.6985575450000003,-7.463781,0.98667426,9.517779286384961,12.135168590140823,1.9268542459378213
2008-08-12 21:38:35,558.2687323547683,114290.0,1.9723,1.273,-0.47575,-0.91925,0.7294999999999999,126.05807343915579,9444170.39438156,8.476406025,9.240135499999996,-1.7232869500000003,-8.875792,0.07148010000000002,9.41765474748369,12.007509803041707,2.053080841994342
2008-08-12 21:39:35,557.3716551512107,120143.0,1.8411,1.44725,-0.2035,-1.1955,0.007500000000000007,110.45153657321774,8916288.890824681,8.767723035,6.5107015000000015,-0.88799122,-6.2860010000000015,0.65182235,9.53143242070322,12.152576336396606,1.910352904635314
2008-08-12 21:40:45,559.3250779376873,110391.0,1.963,1.59375,-0.5795,-1.30625,0.285,123.12855750507015,7879466.011929236,8.56919322,12.1764505,-1.9336653000000001,-11.675901499999998,1.6552654000000004,9.419139200858773,12.009402481094938,2.05114021737034
2008-08-12 21:41:45,559.2351741879261,108550.0,2.2054,1.7635,-0.7565,-1.5599999999999998,0.26725,134.31363198198872,8973221.813128129,7.409981535,15.469805,-2.65461815,-12.581549499999998,8.1879725,9.238610143510929,11.779227932976433,2.3036834158242163
2008-08-12 21:42:45,559.1430383944702,111022.0,1.9909999999999999,1.71725,-0.8095,-1.49925,-0.121,130.9352537522282,9490951.434789257,6.921482725,17.26045,-2.013833395,-15.32629,7.227594999999999,9.397951043721603,11.982387580745044,2.0790434751540072
2008-08-12 21:43:55,561.9717923855251,120131.0,2.0324,1.93875,-1.0444999999999998,-1.6215,-0.07075,141.45956067230617,9651991.004721146,7.605101984999999,12.481474,-0.77064596,-11.2777285,4.77899865,9.350029740881583,11.921287919624016,2.1438020768821686
2008-08-12 21:44:55,560.5074866690007,111896.0,1.9564,1.8435,-0.8190000000000001,-1.57775,0.4315,135.0387955059157,8956058.079621028,8.35722206,11.942547,-0.09449168200000002,-8.480176,8.0458265,9.417796039969877,12.007689950961593,2.05289603823643
2008-08-12 21:46:05,559.8988531350998,100398.0,1.8998,1.90175,-0.905,-1.36075,-0.8959999999999999,126.2420337786015,8765074.851844838,8.590374855,13.7969465,-3.32013655,-12.400125,-1.7673236849999998,9.46741735161375,12.070957123307533,1.9891773524259369
2008-08-12 21:47:05,557.4766763130095,104515.0,2.0593,1.73025,-1.2727499999999998,-1.0455,-0.3435,126.38717547111484,9165411.422951857,8.491167444999999,12.261645500000002,-4.61873845,-10.6085885,-3.21988425,9.354570630606762,11.927077554023624,2.1375657909609416
2008-08-12 21:48:05,560.9723196664878,99058.5,1.7809,1.91475,-1.1887500000000002,-0.84575,-1.2209999999999999,128.94177960595002,8926586.870378848,7.867189545,12.6399055,-3.5153729999999994,-11.534963,-2.4998415,9.563839870165813,12.193895834461413,1.8718406096618847
2008-08-12 21:49:15,555.7762179987553,88549.5,1.9378,1.909,-1.0205,-0.61375,-1.4842499999999998,124.74229766227623,9158018.078061068,7.969146905,12.7291825,-4.2413885,-11.5379095,-2.2237579,9.459493520869843,12.060854239109053,1.9991958270542278
2008-08-12 21:50:15,557.3297445902201,97447.6,1.7229,1.844,-0.76725,-0.65525,-1.5035,128.78029151212868,9375708.365794096,8.148339345,14.7253795,-4.471171150000001,-12.2881915,-6.3462005,9.637667593288755,12.288026181443165,1.7874379795474542
2008-08-12 21:51:25,558.8918769082263,114034.0,1.9199,2.0095,-0.8395,-0.80575,-1.6030000000000002,125.30042371506859,9398504.456055997,8.15552391,8.553857,-2.86021325,-6.650183,-4.044842,9.456497856272726,12.057034766747725,2.002998713855102
2008-08-12 21:52:25,559.6262456327437,97462.1,1.7989,1.97125,-0.20199999999999999,-0.031,-1.94925,125.72405216987507,9032281.299265,7.486370289999999,14.904539000000002,-5.943918850000001,-9.885825,-8.913846499999998,9.555472509522524,12.18322744964122,1.8816967582647528
2008-08-12 21:53:25,554.3294809813024,89963.4,1.7811,1.9180000000000001,-0.52525,-0.31975,-1.80875,133.81033004293863,9237646.244290417,7.588307134999999,14.707330499999998,-5.5970040999999995,-10.210646,-8.764154999999999,9.601711506315716,12.24218217055254,1.8279769836344053
2008-08-12 21:54:35,557.253662829595,99178.4,1.71,1.7990000000000002,-0.84175,-0.5155000000000001,-1.48025,142.35937368835863,8758810.011582363,7.588212865,14.953398000000002,-5.5528653,-8.625859,-10.303851500000002,9.65018635402236,12.30398760137851,1.773570435750902
2008-08-12 21:55:35,553.0993597365667,107306.0,1.9833,1.869,-0.54575,-0.496,-1.6407499999999997,136.0382467762905,8612220.060013272,8.42331416,16.067776000000002,-5.2953675,-6.0051359999999985,-13.466701,9.438150721655408,12.033642170110646,2.026474719128572
2008-08-12 21:56:45,554.0026621199578,92574.0,1.6762,1.9085,-0.22675,-0.32025,-1.86125,136.39226350693406,9236749.04638059,8.000765455,9.777722500000001,-2.6143039,-4.60446825,-7.715782000000001,9.701251697806264,12.369095914702985,1.7182881948887436
2008-08-12 21:57:45,553.713260121157,98144.0,1.8129,1.7737500000000002,-0.4065,-0.29325,-1.6800000000000002,133.85559861485942,9173797.948682014,7.843592479999997,11.030928,-2.6677977999999998,-2.7405937,-10.162474000000001,9.576983655398044,12.210654160632506,1.8564795246580716
2008-08-12 21:58:45,553.9946482647644,114008.0,1.7801,1.7225,-0.4825,-0.25025,-1.6165,129.77550348175123,9079096.8440068,7.97503085,9.950921999999998,-1.6603555999999997,-2.5465946500000003,-9.2286545,9.604544488850003,12.245794223283756,1.8247442579467128
2008-08-12 21:59:55,555.6335768660854,99482.3,1.8698,1.69525,-0.333,0.17800000000000002,-1.64175,140.68851811806772,9285703.78003036,7.482567969999997,12.6644485,-2.19272685,-0.358827,-11.790040499999998,9.516794154105977,12.133912546485119,1.9280513072072156
2008-08-12 22:00:55,551.1055016891048,116765.0,1.8241,1.82675,-0.18625,0.7395,-1.643,140.22922985184923,9199705.274050906,7.56589955,10.112805999999999,-0.5169710000000002,5.582000000000001,-7.8302605,9.582224455392552,12.217336180625505,1.8503956694926167
2008-08-12 22:02:05,554.1171920767302,111972.0,1.8561,1.7957500000000002,-0.0015000000000000011,0.6495,-1.6487500000000002,135.6924971024789,9306462.888367388,7.57634446,12.174779999999998,0.2922045325000001,8.375679499999999,-8.629974,9.537149540094848,12.159865663620932,1.90349213713104
2008-08-12 22:03:05,550.8602983161883,117462.0,1.8313,1.4487500000000002,-0.2065,-0.50325,-1.28275,145.4409646129764,9233454.682263553,7.467105075000001,9.8480955,-0.12507295000000004,6.894733999999998,-6.6252095,9.577355807491415,12.211128654551553,1.8560467377952732
2008-08-12 22:04:05,552.7273448030231,107003.0,1.8189,1.56875,0.14125,-0.14675,-1.4465,147.70346413188332,9336512.751538513,7.958220265,13.176735,-0.8932740500000002,7.741754000000002,-10.0617775,9.57739887238673,12.211183562293082,1.8559966639322052
2008-08-12 22:05:15,549.6439913298426,115207.0,1.8647,1.9455,0.87425,1.367,-1.013,162.3298648677962,8976593.642373648,8.147550045,9.686568,-1.480467805,1.4009749499999995,-9.272174,9.555587031301314,12.183373464909177,1.8815614517874268
2008-08-12 22:06:15,551.1651115691195,105384.0,1.8352,1.55825,0.3955,0.61575,-1.3572499999999998,155.88978008497293,8864002.94783255,8.433081085000001,8.336556500000002,-1.9102078999999998,2.9587229,-7.238875,9.572195410590297,12.204549148502627,1.8620584344459787
2008-08-12 22:07:25,549.1306933417582,114344.0,1.7685,1.65625,0.7957500000000001,0.4837500000000001,-1.2920000000000005,151.02140200810587,9234348.062975423,7.96204468,11.787272499999998,-2.4735125800000004,1.99356565,-10.9881195,9.643320745174188,12.295233950097089,1.7811601456627326
2008-08-12 22:08:25,550.2311205566259,116659.0,1.9518,1.6840000000000002,0.8515,0.01675,-1.4042500000000002,138.2197827461706,8897089.56220731,8.515781819999999,8.424688,-1.215012595,1.9106403000000003,-7.717701000000001,9.479783669237994,12.086724178278446,1.9736588236744852
2008-08-12 22:09:25,548.3530901763934,101628.0,1.7132,1.87,1.05125,0.54425,-1.43425,143.0708685662437,9855173.569453644,7.963170890000002,7.835115499999998,-2.08755535,-2.4894849999999997,-6.95003,9.699095890350556,12.366347260196955,1.7205810008551436
2008-08-12 22:10:35,546.1954098067831,117766.0,1.8549,1.92025,0.941,0.5505,-1.5665,154.88892157579178,9398348.476406237,8.009961344999999,6.135383000000001,-1.9443953000000005,-3.6411298999999997,-3.9919086000000004,9.584068965285807,12.219687930739406,1.8482599807441324
2008-08-12 22:11:35,545.8910110168514,122405.0,1.7590000000000001,1.95925,1.1395,0.90875,-1.245,151.0815186906513,9025126.90589662,8.087427625,8.311287,-3.6384434999999997,-4.8077035000000015,-5.5052710000000005,9.671037667180576,12.330573025655234,1.75075023078513
2008-08-12 22:12:45,544.9469770592365,117354.0,1.8764,1.5782500000000002,0.3192499999999999,-0.43725,-1.19275,153.90373656273997,9156195.42409839,8.258199649999998,8.871108999999999,-3.2675520000000002,-3.9574585,-7.149714,9.572977593379317,12.205546431558629,1.861145757548776
2008-08-12 22:13:45,544.3763650049476,137524.0,1.8530000000000002,1.53325,0.5417500000000001,-0.605,-1.13075,168.3969507526552,8521567.355626311,8.90275475,8.14676,-2.90878,-3.6267374,-6.456689999999999,9.596371200527956,12.235373280673148,1.8340890110292003
2008-08-12 22:14:45,556.6603807735917,114200.0,1.945,1.79675,1.182,-0.051,-1.3457499999999998,149.59012841528508,8250720.1987233525,8.923398025000003,9.166728,-2.78600235,-3.2774285000000005,-7.967356,9.448640470315409,12.047016599652144,2.0130135450152644
2008-08-12 22:15:55,552.3891218507113,114156.0,1.8383,1.75225,1.2235,0.095,-1.2395,138.56361287199005,8883777.623637576,8.216565124999999,9.5972105,-3.03269,-4.8011574999999995,-7.6420714999999975,9.562429772949033,12.192097960510015,1.8734973750735888
2008-08-12 22:16:55,549.7740570279758,123855.0,1.9944,1.86375,1.4865,0.15725,-1.07075,151.76198761971247,8784400.877900874,8.530351300000001,9.598547,-3.3771015,-5.5433590000000015,-6.9415165000000005,9.448348506033954,12.046644345193293,2.013386799743321
2008-08-12 22:18:05,550.8014325226469,116287.0,1.8076,1.67625,1.4125,0.0985,-0.7272500000000001,132.57661607243608,9226690.049018478,7.9461576800000016,8.4039985,-2.3518175500000003,-3.953451499999999,-6.7569835000000005,9.59851290744658,12.23810395699439,1.8316349492542912
2008-08-12 22:19:05,552.5128145717526,117083.0,2.051,1.25575,0.62475,-0.3335,-0.6759999999999999,122.57542055773978,9306252.000185974,7.599564799999999,7.298740500000001,-2.143232745,-3.8661550000000005,-5.471686,9.388819011997835,11.970744240297241,2.0912061022615904
2008-08-12 22:20:05,555.0398590632927,109913.0,1.8484,1.53725,1.26475,-0.11199999999999999,-0.773,131.45336191401142,8985267.313668512,8.043275734999998,10.65955,-3.5515805,-2.8864220000000005,-9.455541999999998,9.538468394062251,12.161547202429373,1.9019135437295944
2008-08-12 22:21:15,551.0695197250525,114032.0,1.7039,1.53425,1.2915,-0.15925,-0.79,135.56496084478755,7673831.873902025,9.47862426,8.5163665,-1.751080285,-6.4461900000000005,1.9450825,9.69192136316886,12.357199738040295,1.7282372058268751
2008-08-12 22:22:15,556.8682231138712,118292.0,1.7719,1.46,1.225,-0.0042499999999999994,-0.77075,133.4992089112103,8006493.56833294,9.008094515,8.739641500000001,-1.5326082500000002,-6.546461000000001,5.02181485,9.595376401017988,12.234104911297932,1.835230200538868
2008-08-12 22:23:25,551.3000007083258,89450.3,1.6914,1.17375,0.6629999999999999,-0.20775,-0.80225,142.60753398029914,7589836.9061744865,9.563947594999998,8.544891499999999,-1.2459140999999998,-7.540181000000001,1.6285348000000002,9.702470039008196,12.370649299735453,1.7169940063685247
2008-08-12 22:24:25,549.7160833275663,108056.0,1.7938,1.34,0.303,-0.5315,-1.15875,143.65688025016522,7672514.2836721875,9.118243855,8.083790000000002,-1.82701515,-7.526567,1.82651515,9.61710175666903,12.261804739753012,1.8104951824930808
2008-08-12 22:25:25,550.2255420579819,104968.0,1.8797,1.61225,0.97925,-0.096,-1.2225,165.0534189492163,7419748.009984038,9.299476285,9.411544500000002,-2.6260060000000003,-8.5978985,-0.18425835000000004,9.539472414732336,12.162827328783727,1.9007128118341068
2008-08-12 22:26:35,552.5863929685567,103709.0,2.1561,1.1755,0.78625,0.28650000000000003,-0.66225,127.06204822573072,6664052.305554708,9.541932104999997,9.737511,-1.9635075,-8.8891025,0.30114931215,9.310531710693622,11.870927931134368,2.1989519494624084
2008-08-12 22:27:35,549.4203050470561,107246.0,1.7636,1.1540000000000001,-0.80075,-0.74275,0.22275,138.46579393428854,7579082.174040404,7.86743268,8.17408,-2.308362099999999,-6.783986999999999,1.56241795,9.646085612418194,12.298759155833194,1.7780991254849785
2008-08-12 22:28:45,548.7651433081369,113114.0,1.8833,1.4057499999999998,-1.235,-0.6405,0.09925,105.73331203039055,9370461.823139537,7.290821525,5.7984605,-2.1065508700000004,-3.7906868900000013,-1.01783245,9.544882914674188,12.169725716209593,1.8942574717744167
2008-08-12 22:29:45,546.5446428517985,103754.0,1.804,1.4735,-1.36275,-0.53725,0.12725,95.88755067133975,8979665.994357903,6.73330965,8.822952000000003,-2.3757418650000006,-7.431970500000001,-0.9742553750000004,9.626566004685506,12.273871655974018,1.7998415919225363
2008-08-12 22:30:45,547.4025512481651,105502.0,1.8623,1.3795,-1.25975,-0.5435,0.102,152.10016141541632,9247035.279151132,7.205252485,11.677403,-4.769984,-9.726371,-0.4449937700000001,9.570665759569051,12.202598843450536,1.863844791626216
2008-08-12 22:31:55,547.862076605052,121363.0,1.9012,1.4,-1.1985,-0.70825,0.122,155.74587318162597,8728889.367849877,7.77069013,7.0526860000000005,-2.1401296000000003,-6.104223,-2.41114265,9.53507942578318,12.157226267873554,1.9059730303585392
2008-08-12 22:32:55,547.4137005062989,112532.0,1.8166,1.49125,-1.2647499999999998,-0.76275,0.165,144.72265295378642,9675984.25074784,7.301395275,7.454277500000001,-2.1803005000000004,-6.921008500000001,-1.476917685,9.610314269190722,12.253150693218169,1.8181809447198527
2008-08-12 22:34:05,546.0709294688739,106708.0,2.1308,1.43625,-1.1175000000000002,-0.6325000000000001,0.5702499999999999,121.3474909793888,9041430.441990642,7.770642595,6.5091779999999995,-1.648875405,-5.0187965,-3.291959,9.36582190676362,11.941422931123615,2.122204686135405
2008-08-12 22:35:05,545.8618103879405,109285.0,1.9635,1.6742499999999998,-1.34175,-0.8765,-0.09975,91.54830736056442,9242775.597416297,7.528697974999997,6.855240500000002,-1.9376775000000002,-4.80551,-4.2888665,9.495546707578749,12.106822052162904,1.9540820478507628
2008-08-12 22:36:05,547.927725062348,114208.0,1.9034,1.31225,-0.8915000000000001,-0.8290000000000001,0.007500000000000007,67.53041450800546,8530242.704805674,7.89884218,6.224734499999999,-1.7482004300000002,-3.992970000000001,-4.161442500000001,9.5328609761696,12.154397744616242,1.9086358820833589
2008-08-12 22:37:15,548.4429911102885,109860.0,1.88,1.157,-0.7859999999999999,-0.7525000000000001,0.11125,99.93112797229506,8828892.683518646,7.87124975,7.8465455,-3.4899364999999998,-4.9059669999999995,-4.8590535,9.549542310376546,12.1756664457301,1.8887187752758416
2008-08-12 22:38:15,547.2617496865647,114083.0,1.7578,1.2225,-0.633,-0.923,0.10574999999999997,111.43738927156684,8667785.254667098,7.779765604999999,8.689224999999997,-4.4309325,-6.600822999999999,-2.8125776,9.664055620315908,12.321670915902784,1.7583532002575502
2008-08-12 22:39:25,546.8969579856886,110691.0,1.9375,1.23475,-0.6385000000000001,-0.7177499999999999,0.71175,135.22283832681362,8984842.828234103,8.581724855000001,6.220592,-0.6609867649999999,-4.211749500000002,-3.656923050000001,9.510658213325492,12.126089221990002,1.9355268191246984
2008-08-12 22:40:25,546.9392505754181,99628.8,1.8008,1.26125,-0.958,-0.66325,0.46575,114.10804564730896,8573333.322710823,6.309754324999999,7.8063885000000015,-0.4264915499999999,0.08830885000000026,0.2795172,9.627098565784818,12.274550671375644,1.7992442823229269
2008-08-12 22:41:25,546.4572750700644,109077.0,1.8894,1.261,-1.18325,-0.24025,0.21325,142.67571207271627,7891516.398646785,8.082503030000002,8.2694155,-2.467007894999999,-3.5082385,-2.7770572350000005,9.553150943457071,12.180267452907767,1.8844421173097423
2008-08-12 22:42:35,546.9975310154516,104264.0,1.7699,1.551,-1.5375,-0.1385,-0.11175,121.40278164416664,7554638.624176202,9.75043635,9.051808,-2.39928133,-4.538273245000001,-5.445852599999999,9.654566660033874,12.309572491543191,1.7687478631519118
2008-08-12 22:43:35,547.3457177853867,89845.7,1.8330000000000002,1.73925,-1.7032500000000002,-0.032,-0.33725,146.50444761074317,8705998.278124388,7.8965729850000015,7.5806084999999985,-2.17771446,-6.356235999999999,-1.29403807,9.5963271095204,12.235317064638512,1.834139572724568
2008-08-12 22:44:45,547.1932126214651,103944.0,1.818,1.71875,-1.6535,0.14650000000000002,-0.41825,137.92107229428407,9398129.58348275,7.420096750000001,9.2711735,-1.7686732000000005,-0.6368433699999998,-8.634866,9.6103708913736,12.253222886501336,1.81811667174304
2008-08-12 22:45:45,547.2573516756079,96441.9,1.8615,1.4935,-1.24225,-0.083,-0.8009999999999999,137.61928200694445,8807718.21537029,7.861999749999997,7.7561255,-1.15603405,-0.020706189999999958,-7.380519500000001,9.572197575983363,12.204551909378793,1.8620559070726457
2008-08-12 22:46:45,546.209989692609,103260.0,1.8349,1.5154999999999998,-1.274,0.28875,-0.7474999999999999,129.3414469630892,9125076.17974372,7.378188625,9.5303295,-1.50326415,0.09605671500000006,-9.116117,9.601315687411876,12.241677501450141,1.828429185673228
2008-08-12 22:47:55,547.0707490571946,102156.0,1.9243,1.4242500000000002,-0.9045,0.28875,-1.01675,134.20189109494578,8934276.351391193,7.833231965,10.757163,-0.97050335,2.55085915,-10.2467345,9.520492186257002,12.138627537477676,1.9235622059519224
2008-08-12 22:48:55,544.4359670053036,103416.0,1.8966,1.4295,-0.871,0.28975,-1.05325,143.96533295840638,9016156.439454447,7.587036195,8.713458500000002,-0.2773554454999999,3.2777389999999995,-7.873267000000001,9.558897439235539,12.187594235025315,1.8776551357947235
2008-08-12 22:50:05,539.8660058320028,106247.0,2.0198,1.364,-0.94625,0.48925,-0.82775,143.3708218296578,8565318.546578769,7.900689795000001,7.444247,-0.8004822364999999,1.5356105,-6.57851675,9.48577109876156,12.094358150920987,1.9661959545909
2008-08-12 22:51:05,539.4268790531298,91826.5,1.8119999999999998,0.99475,-0.4735,0.20125,-0.83775,142.21216613979,8348888.66511191,8.058085025,6.8464030000000005,-2.2909205000000004,-5.1954975,-3.29677096,9.661594419877904,12.318532885344329,1.7610424561865672
2008-08-12 22:52:05,539.5209609079151,89617.4,1.8718,0.7264999999999999,-0.3875,-0.036000000000000004,-0.5965,170.11570181652849,8633547.035081279,8.52138815,7.890080500000002,-2.968383,-5.5273935000000005,-4.4588815,9.608892790625765,12.251338308047847,1.8197953625242236
2008-08-12 22:53:15,537.5278915079663,96362.8,1.8361,0.75975,-0.47775,-0.026750000000000003,-0.525,131.74627576391524,10657654.255668145,6.56026433,4.6356065000000015,-0.8812959229999999,-0.21345532500000006,-3.5126403,9.651681290877754,12.305893645869135,1.7719228372000695
2008-08-12 22:54:15,537.2554172058203,85943.5,1.9232,0.6950000000000001,-0.6529999999999999,0.0057500000000000025,-0.08825,155.50209430106233,8527426.42255083,8.516356155,6.0967970000000005,-0.8058303564999999,-0.6520303000000001,-4.1584422000000005,9.579033371275065,12.213267548375706,1.8540973090161499
2008-08-12 22:55:25,535.5487582116123,88954.8,1.8346,0.947,0.2145,-0.4785,-0.63725,192.96100069329785,8090664.743420673,8.763848710000001,6.023253500000001,-0.78638142,-2.5509722000000004,-4.220573,9.664872414510658,12.322712328501089,1.7574617807640394
2008-08-12 22:56:25,537.0149465834261,91574.9,2.008,1.442,0.4662500000000001,-0.8095,-1.0499999999999998,141.92343965302587,7986264.716072221,7.827686485000001,7.824176,0.05334581000000002,-0.15622984499999998,-7.663950999999999,9.511812625728057,12.127561097803268,1.9341178016769796
2008-08-12 22:57:25,538.9223419872292,84520.6,1.9594,1.504,0.504,-0.64625,-1.24425,164.6818689372324,8235179.505361122,8.083995585,10.1739425,0.21927587500000004,3.2862807999999997,-8.759741000000002,9.539452480150095,12.162801912191371,1.9007366434621067
2008-08-12 22:58:35,538.0023321761718,83046.1,1.9424,1.662,0.69675,-0.42025,-1.44125,133.07057434994806,7524669.618027715,8.209342699999999,9.722275999999999,1.4342455,-0.6459301999999998,-6.759513900000001,9.558759424328846,12.18741826601928,1.8778178057027548
2008-08-12 22:59:35,538.7820467888663,88191.6,1.9266,1.83275,0.9159999999999999,-0.29625,-1.5492499999999998,100.07191804916599,8143273.151169354,7.549053839999999,7.201632999999998,1.45483945,2.564939135,-3.60967947,9.567160602343957,12.198129767988545,1.8679457298861162
2008-08-12 23:00:45,538.2474360598478,86005.9,1.8326,1.8869999999999998,0.972,-0.40525,-1.5572500000000002,121.34713688035336,8133381.095683088,7.964494075000002,9.020326999999998,1.44700946,3.4443319999999997,-5.465426,9.650446899749321,12.304319797180385,1.773283154748344
2008-08-12 23:01:45,539.1267066896239,80042.4,1.9106,1.65525,0.33175000000000004,-0.8290000000000001,-1.31725,118.07042358915865,6678035.738841054,10.308384984999998,11.810152,1.1178963050000004,-3.372662135,-9.288338499999998,9.57842533367592,12.212492300436796,1.8548036087037143
2008-08-12 23:02:45,538.2347685843048,86825.1,1.8423,1.5735,-0.02575,-1.177,-1.03425,131.8288120382945,6834192.732114093,9.00965121,9.671063,-3.3300954,0.08247409499999996,-7.410580499999999,9.642035381899193,12.293595111921473,1.7825852810531342
2008-08-12 23:03:55,540.0275419661483,88008.0,1.6828,1.4855,-0.0010000000000000009,-0.81775,-1.22225,136.89777784716324,7102969.7604672965,8.707937220000002,10.1645735,-2.2965412000000005,-0.7409557,-9.502401499999998,9.777818584576412,12.466718695334926,1.6391201526006776
2008-08-12 23:04:55,539.3361465459184,82121.2,1.8894,1.68775,0.4205,-0.48075,-1.5490000000000002,194.0871154513387,7304671.1355704125,8.535941995,9.9332015,-2.39333395,-2.7780694,-8.919519000000001,9.595012273128072,12.233640648238294,1.8356481188604783
2008-08-12 23:06:05,543.0411040529068,94670.8,1.6606,1.74375,0.5045,-0.59775,-1.5395,158.077203217788,8113202.025600417,5.987987584999999,10.7857705,-3.273222902,-5.7479489,-5.1840980000000005,9.781323490552236,12.4711874504541,1.6355992683031253
2008-08-12 23:07:05,541.2733885690299,89721.1,1.8741,1.847,0.8042499999999999,-0.58025,-1.52775,124.54201197163064,6384622.717351442,6.821759005,8.9411205,0.3776996299999999,-5.435643,-5.6709855000000005,9.596547347102703,12.235597867555947,1.8338870298411067
2008-08-12 23:08:05,539.8332851918266,91515.7,1.8829,1.729,0.5549999999999999,-0.65575,-1.4625,98.47032235998135,8079351.680374303,5.86263212,9.093629,-0.7222908000000001,-0.6370638999999999,-7.973952000000001,9.59757689141516,12.23691053655433,1.832707005935247
2008-08-12 23:09:15,540.8537738622149,90363.0,1.7914,1.82625,0.62625,-0.7064999999999999,-1.52,140.05766546329176,7403222.634911354,6.968982724999999,9.349085,-0.17341405000000015,-1.7672562499999998,-3.817295000000001,9.671503187151579,12.331166563618266,1.7502446768201798
2008-08-12 23:10:15,539.5973951762555,76857.4,1.7473,2.188,1.084,-0.353,-1.8619999999999999,161.02608533905232,7387275.147664827,8.229843724999998,8.5067945,-0.8313361699999999,-2.8418876400000004,-6.9280740000000005,9.719296582043855,12.392103142105913,1.6992357350932366
2008-08-12 23:11:25,536.4265369778046,72614.0,1.7799,2.11475,1.12425,-0.08750000000000001,-1.7807499999999998,160.7698647323154,8435510.423437279,7.1775320649999985,8.236317000000001,-1.55930811,-3.3493582500000003,-6.808122,9.708452507913822,12.378276947590125,1.710655579857867
2008-08-12 23:12:25,535.9853109610376,81864.0,1.9346,2.1235,1.16175,0.15525,-1.74325,138.29830127454122,7167999.365117612,9.406705665,7.9980635000000015,-2.11327685,-3.3703803,-5.9195489499999985,9.577155433289633,12.210873177444286,1.8562797443529389
2008-08-12 23:13:25,535.5357507701983,82218.8,1.6241,1.9869999999999999,0.9605,-0.2315,-1.68275,180.0278328112028,8405556.012605574,8.36623999,6.2548935,0.29296844999999994,-1.96288976,-4.454786835,9.863273559962684,12.575673788952422,1.555736961353606
2008-08-12 23:14:35,542.8427935037915,99708.6,1.9884,1.93875,0.90375,-0.2825,-1.67975,179.69141210553914,9004414.846150938,7.337373825,4.941318,-1.11427491,-1.3813798999999998,-3.507524650000001,9.493158041807185,12.103776503304164,1.957034017710625
2008-08-12 23:15:35,543.7089432279001,78529.5,1.7326,1.78825,0.8222499999999999,-0.2085,-1.5652499999999998,138.1870715486842,8549315.066267034,7.9339804150000015,5.885515,-0.6575687960000001,-2.3911672999999998,-3.640851,9.70839605648349,12.37820497201645,1.7107152624403683
2008-08-12 23:16:45,536.9211281007666,76313.4,1.5887,2.04975,0.99475,-0.2895,-1.76475,194.81050421855872,9475735.588888137,7.526078229999999,4.374759450000001,-1.084238355,-1.7356564999999995,-2.52704495,9.89104585185399,12.611083461113838,1.5297108614809385
2008-08-12 23:17:45,537.4540804533909,70646.7,1.5638,2.1335,0.98625,-0.3205,-1.86,166.39903136963443,8471930.979200432,8.157682944999998,3.687898049999999,0.13495181,0.3516331500000001,-2.074513,9.913843056496802,12.640149897033426,1.5087261039706592
2008-08-12 23:18:45,536.9984878014089,72526.7,1.5594,1.943,0.993,-0.20575,-1.64325,115.40207073066831,8826734.572861042,7.505693465000002,6.015244,-1.06092145,-2.37335445,-4.8447580000000015,9.921303909656817,12.649662484812438,1.5019314871732656
2008-08-12 23:19:55,537.7469145666946,89385.8,1.5235,1.5945,0.74525,-0.23125,-1.3455,116.11457535354731,8584238.931988781,7.702132545,5.583057499999999,-0.7042699250000001,-2.2429797,-3.5790388750000006,9.955268480692537,12.692967312882983,1.4714475282677095
2008-08-12 23:20:55,536.7635436670415,85633.8,1.5784,1.37475,0.33875,-0.37975,-1.26775,144.7344820210754,7820823.551717589,8.430673705,7.090382000000001,-0.07159834999999999,-3.0995506500000003,-0.51932425,9.902743113846359,12.625997470154106,1.518901328167659
2008-08-12 23:22:05,532.4150432745115,57996.0,1.6711,1.89225,0.7175,-0.359,-1.70325,163.1169776484485,8560722.718506372,7.80778403,5.647966500000001,-0.09806635,-2.7238244,-4.0182864025,9.835630006308401,12.54042825804321,1.5821568714991212
2008-08-12 23:23:05,532.5655581897876,55116.9,1.5973,2.4057500000000003,1.4440000000000002,-0.1215,-1.912,150.1504350151792,8310702.8012863975,7.590199154999999,8.0134825,-1.25713455,-3.9159285,-6.6252065,9.90901733686473,12.633997104502532,1.5131399982936224
2008-08-12 23:24:05,539.0863938600194,57773.7,1.7297,2.374,1.359,-0.2945,-1.91575,141.875275722084,7940887.794647601,7.87843408,8.163585999999999,-0.71437385,-1.82436571,-7.589380499999999,9.738784919621654,12.416950772517607,1.6789354286396938
2008-08-12 23:25:15,535.6696802069349,50902.6,1.6535,2.4442500000000003,1.469,-0.16549999999999998,-1.916,134.38073898002395,7363383.339708231,8.184128309999998,9.24074,-1.205184845,-0.08192340000000012,-8.775139,9.833006073487658,12.537082743696766,1.5846917487342882
2008-08-12 23:26:15,534.7308134089525,57697.3,1.6268,2.34425,1.5577500000000002,0.0685,-1.7367500000000002,151.59917364458568,7913302.321214134,8.118150974999999,10.00971,-1.2155189949999998,1.431431145,-9.319943,9.865488580230386,12.578497939793744,1.5536423533472148
2008-08-12 23:27:25,538.1988601427913,56458.6,1.7352,2.11025,1.3522499999999995,-0.28825,-1.5095,157.90727719071018,8400121.90572887,7.082975875,8.733427500000001,-1.91372055,-3.4320370000000002,-7.642699499999999,9.738980912704417,12.417200663698127,1.6787327114283224
2008-08-12 23:28:25,534.2333960817126,46294.3,1.8585,2.2675,0.5585,-1.7294999999999998,-1.3115,155.70425141372846,8133855.481362987,7.429735099999999,9.800897,-2.1304721000000004,-2.46688365,-9.052626,9.651954302653197,12.306241735882823,1.771622138557604
2008-08-12 23:29:25,533.7432605682249,69044.8,1.9448,2.3600000000000003,0.97175,-1.69925,-1.272,162.66180083194482,8303856.004948772,7.409204355,9.3018825,-1.04755945,-0.8621909650000001,-9.0998875,9.582144959661171,12.217234823567994,1.8504877793126933
2008-08-12 23:30:35,531.6227657032757,55116.1,1.8156,2.3369999999999997,0.701,-1.86425,-1.1955,155.1387660452294,8264299.6313536465,7.588484135,8.615295999999999,-1.02235455,-0.27732195,-8.018614999999999,9.70543063164143,12.374424055342825,1.7138538398124572
2008-08-12 23:31:35,530.647796179349,50819.0,1.7401,2.3525,0.65725,-1.69925,-1.4585,159.23150179550288,8458935.346883805,7.519964689999999,7.788104,-0.917235665,-0.4374008749999999,-7.411927000000001,9.780360723152222,12.469959922019086,1.6365655450775634
2008-08-12 23:32:45,531.4551540534723,55845.7,1.6967,2.39675,0.93675,-1.7125,-1.18925,145.98582117294208,8674819.640561594,6.85089836,8.736414,-0.7219901,1.3208246950000002,-8.449599000000001,9.816642562140697,12.51621926672939,1.6006072254428123
2008-08-12 23:33:45,532.4459014040768,58098.4,1.8541,2.23075,0.55075,-1.642,-1.3780000000000001,129.0191917081279,8110906.367293926,6.58559937,9.77191,-1.39469256,1.472217805,-9.401547,9.666561254181985,12.324865599082033,1.7556203140677415
2008-08-12 23:34:45,534.8218319300365,57616.5,1.6582,2.2965,0.6082500000000001,-1.85275,-1.1475,137.11520723156576,8387847.7478248635,6.393182445000001,11.7137145,-1.2849514249999998,0.3681642100000001,-11.466455,9.83354632744024,12.537771567486304,1.584169443736104
2008-08-12 23:35:55,533.4305518743747,59160.5,1.7166,2.30325,1.26425,-1.88725,0.27175000000000005,142.6352342024347,7857162.702022973,6.495207845,9.002256000000003,-0.31835655,-0.2311201499999999,-8.856592,9.785474337825374,12.47647978072735,1.63144090438754
2008-08-12 23:36:55,536.1489591792565,59248.8,1.68,2.36075,1.31675,-1.943,-0.2035,153.7312432355664,7567201.317459143,6.866894485,8.817932500000003,-0.13893450000000002,0.54617268,-8.659177,9.804060735479329,12.500177437736141,1.612971459914405
2008-08-12 23:38:05,535.164887022682,83625.6,2.1032,2.5945,1.464,-2.09775,-0.4075,147.55162880544486,7387151.979912529,7.0767827300000015,9.956188,-1.2929281700000002,-0.11081703,-9.7488355,9.44952684639285,12.048146729150885,2.011880873267184
2008-08-12 23:39:05,534.5620794304436,84605.4,2.0333,2.74875,1.561,-2.1820000000000004,-0.57975,154.02092269541203,7589065.494872388,7.248748194999999,9.436687,-1.2717442,-1.93594203,-8.924246000000002,9.50647994567223,12.120761930732096,1.9406366224200369
2008-08-12 23:40:05,530.8292699418523,84874.0,1.9663,2.783,1.66225,-2.0375,-0.90025,164.46932205148448,7667689.212178911,7.0169428100000015,9.2388005,-2.137455115,-6.445128299999999,-5.5985725,9.582072339424409,12.217142232766118,1.8505719273354209
2008-08-12 23:41:15,525.8546849178013,77182.8,1.8221,2.7470000000000003,1.63375,-1.94525,-0.98975,167.03520934242823,7544685.160798723,7.114559220000001,10.4565995,-2.4700530199999995,-8.300421,-5.2260824999999995,9.734987806171283,12.412109452868387,1.6828684554640658
2008-08-12 23:42:15,530.8563609047178,87390.1,2.0463,2.8095,1.6325,-2.08575,-0.9259999999999999,156.0730696290994,7915738.216829581,7.2442410750000015,9.8797955,-1.977140665,-7.302527,-6.0439729999999985,9.518433274886883,12.136002425480779,1.9260600454309784
2008-08-12 23:43:25,531.8237769872648,90144.3,2.5651,2.85525,1.6525,-2.0315,-1.1282500000000002,159.4227417217569,8168624.694601156,6.827327059999999,8.880586500000003,-1.3704599000000002,-7.525001999999999,-4.1423785,9.161067060360892,11.680360501960138,2.423183301584942
2008-08-12 23:44:25,528.0760918939618,82820.6,1.9828,2.85125,1.9105,-1.7555,-1.12175,156.38908963444203,8125663.890318806,6.929315520000001,9.053873,-1.5667106000000002,-7.8541195,-3.662737850000001,9.585336759235178,12.221304368024851,1.8467937172983335
2008-08-12 23:45:25,529.4113121354701,79304.9,2.0856,2.2960000000000003,1.7480000000000002,-0.7190000000000001,-1.281,163.354554759964,7857066.774142964,7.20920543,8.636704,-1.6189272,-7.803674000000001,-2.6757353999999998,9.496927452459301,12.108582501885609,1.9523780599184304
2008-08-12 23:46:35,522.8398063728507,54458.1,2.0548,2.1870000000000003,1.70375,-0.51325,-1.2345,165.2445490580988,7969785.257968867,7.037393879999999,9.8436705,-2.13270135,-7.768525500000001,-5.350829,9.560227369324585,12.189289895888846,1.8760884690142847
2008-08-12 23:47:35,521.9664477195828,50931.8,1.9946,2.8012500000000005,2.50225,-0.6585000000000001,-1.06425,158.51158276372024,7659022.249369498,7.14981983,9.565939000000002,-1.81179442,-8.090798,-4.1318918,9.613079431816574,12.256676275566132,1.8150452469317782
2008-08-12 23:48:45,516.4352174435821,56042.0,2.1988,2.5645,2.29725,-0.4375,-1.04,166.56272599363442,7730947.542386178,7.109197450000001,9.795335500000002,-1.3800235450000002,-8.993294500000003,-3.294888,9.491826491213116,12.102078776296725,1.9586818379020332
2008-08-12 23:49:45,509.57228392250687,61917.2,1.9281,2.53825,2.38025,-0.20625,-0.8507499999999999,166.73941387979082,7792670.558986234,7.134168204999999,9.7897515,-1.9360553,-8.914901499999997,-2.89152185,9.74531400569272,12.42527535725822,1.6721976858392489
2008-08-12 23:50:45,511.98102705959724,65454.2,2.2353,2.418,2.2765000000000004,0.05325,-0.7895,164.08352825597416,7712225.131966119,7.374889455,9.8667405,-1.866329,-9.058885,-2.9267695500000004,9.493188481534863,12.103815313956947,1.956996366859092
2008-08-12 23:51:55,530.8154534506318,47480.6,2.1028,2.76175,2.461,-0.09675,-1.1915,166.99607111930325,7443492.937627227,7.49080974,9.948089,-1.6422281000000003,-8.9366255,-3.63129055,9.475566452970344,12.081347227537186,1.9789350966993653
2008-08-12 23:52:55,538.0224290891598,55706.5,2.0509,2.93525,2.43025,-0.373,-1.5957500000000002,173.391358781043,7409840.35662431,7.392181070000001,9.706548,-1.4185618999999998,-8.5964055,-3.1576095000000004,9.47243908745252,12.077359836501962,1.9828584560993556
2008-08-12 23:54:05,541.1191642845411,52255.4,2.0734,2.73875,1.4625,-0.8995,-2.05875,171.1741982572512,7707459.622939905,7.594185555,10.0971235,-1.5100956,-8.938821,-3.579429,9.437157610450386,12.032375953324244,2.0277545817974936
2008-08-12 23:55:05,541.3651536255359,55821.5,2.1465,2.5455,0.20275,-1.22475,-2.18075,170.65072861299106,8017290.952047997,7.665285634999999,9.112318,-1.51791972,-8.337406,-2.68329437,9.381395550407749,11.961279326769883,2.101154343346804
2008-08-12 23:56:05,535.7131368167109,51410.0,2.1751,2.4297500000000003,0.44625,-1.4154999999999998,-1.8980000000000001,163.7244129419662,7291456.001856124,8.238706315,7.746828499999999,-0.29819525,-6.519854499999999,-2.463806381,9.393527811727637,11.976747959952734,2.0849242843180864
2008-08-12 23:57:15,530.3359822197624,57066.0,2.2176,2.651,0.8927499999999999,-1.29075,-2.09725,139.17603386200165,6371645.871026499,10.162216745,10.297628999999999,0.2500147449999996,-7.1289663,-4.435611,9.394819968207393,11.978395459464426,2.083204322301188
2008-08-12 23:58:15,530.992921821939,49644.5,2.0639,2.7060000000000004,1.37275,-0.99375,-2.0802500000000004,299.165278211777,9652819.67498128,4.889960015,8.502559999999999,-1.6975858,-7.018619500000001,-3.60369605,9.504041920351597,12.117653448448285,1.9436254706750935
2008-08-12 23:59:25,539.9773976760508,58424.9,2.3042,2.79525,1.6565,-0.6765000000000001,-2.0825,296.67719145965964,10101841.668062253,2.678555975,4.375590999999999,1.5844368999999998,-1.3125497000000002,-2.48895715,9.279134571165708,11.830896578236278,2.2439739047642164
2008-08-13 00:00:25,526.8648789148884,53333.0,2.089,2.64025,0.1815,-1.3264999999999998,-2.196,287.56704280474355,13830302.323656853,2.0154383755000005,5.091010499999999,0.62206543,0.40053695,-2.17112745,9.509620939126354,12.1247666973861,1.936793885139584
2008-08-13 00:01:25,519.6677006982441,51832.4,2.0083,2.5995,-0.40125,-1.44275,-2.0715,446.41369361825684,6192472.866296237,2.0691752150000005,4.5315365,1.1935525500000002,-1.3370055500000002,-2.3832793999999997,9.616256141082408,12.260726579880073,1.8114506392951677
2008-08-13 00:02:35,516.74014405792,50713.1,2.0459,2.6155,-0.7987500000000001,-1.255,-2.1317500000000003,430.5573627739152,8652503.976994533,2.4844487870000003,3.462489,2.496882,-0.55414832,-1.7885661,9.604643022698085,12.245919853940055,1.824631940729876
2008-08-13 00:03:35,519.732140374251,53461.0,2.1227,2.57725,-0.632,-1.31475,-2.11625,423.69944166591034,10037239.789095987,2.1499060205,4.0994157,2.1379344500000004,-1.0329471150000002,-2.07308385,9.527480477563401,12.147537608893336,1.9151122568498329
2008-08-13 00:04:45,523.1581742580346,52428.7,2.0195,2.599,-0.631,-1.49625,-1.996,465.6982212824528,8142984.22582574,2.02213232,2.5659075,1.6868174999999999,-0.8700369000000001,-1.6785290000000004,9.585932818129507,12.222064343115125,1.8461048161330735
2008-08-13 00:05:45,520.894462829084,48408.2,2.3866,2.6735,-0.46775,-1.3245,-2.1830000000000003,484.8590961937339,3530085.9768534764,1.8405382599999995,2.3623995,1.30160465,-0.8295910399999998,-1.51466195,9.336257959785623,11.903728898726671,2.1628459358213292
2008-08-13 00:06:45,530.0850736127176,57137.1,2.0534,2.72425,-0.07825,-1.29875,-2.38425,488.4575012466968,1415733.769517887,1.77485946,2.7923665,0.8129692499999999,-1.8870455000000004,-1.8850315,9.517551693658897,12.13487840941509,1.9271307230670416
2008-08-13 00:07:55,511.1584001667193,51934.5,2.0522,2.6935,-0.16725,-1.27675,-2.35075,484.2421531571769,1952270.6534710496,1.885324755,2.791425,1.12417475,-1.611261,-1.972727,9.634538453397754,12.284036528082135,1.790923992010795
2008-08-13 00:08:55,511.3389809490374,62406.9,2.1317,2.69575,0.36,-1.1075,-2.3885,485.94857954185443,1563122.6856357837,1.799146655,2.8109759999999997,1.2001855,-1.5741504999999998,-1.9883175,9.572573603293185,12.205031344198806,1.8616170814370407
2008-08-13 00:10:05,515.0375272618489,64210.0,2.2508,2.73475,0.7337499999999999,-1.01225,-2.42225,485.68501476225237,1729847.0221864108,1.85991947,2.8779619999999992,1.2376135,-1.616184,-2.0270794999999997,9.463466589726897,12.065919901901793,1.9941651479621096
2008-08-13 00:11:05,514.902962848341,60480.8,2.072,2.87075,1.00025,-1.1865,-2.3885000000000005,481.47192024758937,2303957.9060927136,1.877799845,2.8570900000000004,1.3168745000000002,-1.3348489,-2.14621,9.595757709004026,12.234591078980136,1.834792683187352
2008-08-13 00:12:05,519.8090515314253,64393.9,2.1555,2.8225,1.266,-1.271,-2.15675,482.7253336954536,1650528.1620075882,1.85567367,2.8818479999999997,1.409492,-1.2263094999999995,-2.1886265,9.5026940149748,12.11593486909287,1.9452802134752665
2008-08-13 00:13:15,518.3639893298916,67610.4,2.4977,2.78525,1.03,-1.04625,-2.35975,487.37745537132776,1378709.9043463015,1.818494985,2.9355475,1.1419894000000004,-1.2867134999999998,-2.3735805,9.280777813318123,11.83299171198061,2.2415910695601156
2008-08-13 00:14:15,517.7583217544649,65866.0,2.2138,2.7677500000000004,0.72375,-0.92725,-2.5,479.18442604529884,2605561.46289572,1.7888994099999995,2.906539,1.2750591999999998,-1.1070321,-2.3462865,9.472994152640148,12.07806754461619,1.9821614508204608
2008-08-13 00:15:25,519.2538653240821,67275.6,2.2069,2.8000000000000003,0.5785,-0.5435,-2.647,483.978203945286,1989480.7898892213,1.842028815,2.899352,1.4187565,-1.03473005,-2.3011824999999995,9.468815925100424,12.072740304503037,1.9874151572471597
2008-08-13 00:16:25,523.1211287627369,64609.6,2.0533,2.612,0.439,-0.6585,-2.207,488.02862788979485,1427080.5019218973,1.716260105,2.897603,1.2176040999999995,-1.15168115,-2.3448940000000005,9.559676750801653,12.188587857272106,1.8767369163509018
2008-08-13 00:17:25,517.6618969105218,64986.0,2.115,2.5165,0.91525,-1.02975,-2.06625,489.3114428472042,1450090.7762756194,1.6395242850000002,2.9582695,1.1225294,-1.24096305,-2.4329115000000003,9.5459444025004,12.171079113188009,1.8929939997037817
2008-08-13 00:18:35,516.6276139319307,81598.0,2.2955,2.4135,1.09675,-0.721,-2.00575,487.79332887138463,1855742.9662781318,1.6822799749999997,2.9688574999999995,1.2863193999999998,-1.1752757999999996,-2.3940665,9.422813763958935,12.014087549047645,2.046345662231416
2008-08-13 00:19:35,519.3995232814524,65338.0,1.9614,2.38775,1.1440000000000001,-0.56075,-1.96,488.4105863905009,1534841.2588123025,1.69047015,2.9113290000000003,1.0121681499999995,-1.34828275,-2.3381055,9.655864254192565,12.311226924095518,1.7673221931722587
2008-08-13 00:20:45,522.7642167574211,65845.4,2.2115,2.57475,1.44325,-0.66225,-1.9925,489.4874279193583,1423470.7547588642,1.69867232,2.907853,1.0154258500000002,-1.266609,-2.4025985000000003,9.444295945185859,12.041477330111974,2.018576046609084
2008-08-13 00:21:45,523.9058214125894,59641.6,2.1354,2.52125,1.161,-0.46675,-2.17625,486.97263740553586,1567393.225948445,1.8062242,2.9690000000000003,1.1620366000000002,-1.05905395,-2.5119365,9.492670680297644,12.103155117379494,1.957636949496812
2008-08-13 00:22:45,522.0510854360903,64562.7,2.1726,2.44525,1.158,-0.41975,-2.1025,485.67909410108336,1682684.9592508762,1.7933920899999998,2.9370455,1.3150305,-0.95997845,-2.4378495000000004,9.476582158950494,12.08264225266188,1.9776628166716097
2008-08-13 00:23:55,524.0675403905493,62160.7,2.2956,2.40625,1.08975,-0.364,-2.1005000000000003,486.92366271309317,1509946.99768245,1.754678445,2.95553,1.21375,-1.0735793,-2.4668099999999997,9.377942651877117,11.95687688114332,2.105800407716512
2008-08-13 00:24:55,524.2568690909068,54662.0,2.0925,2.30725,0.7055,-0.301,-2.1575,485.556610110338,1578180.641197241,1.689364105,2.9208000000000003,1.2187225,-1.1222587,-2.396734999999999,9.522706696783237,12.141451038398626,1.9208798133470828
2008-08-13 00:26:05,524.2051809873687,49205.0,2.1181,2.42875,1.1815,-0.4025,-1.99575,485.4973708200413,1731012.9429025606,1.7368841549999998,2.9026980000000004,1.22037955,-1.0353671,-2.4143915000000002,9.503739332345669,12.117267648740725,1.9439967968758616
2008-08-13 00:27:05,523.4996969932265,62173.5,2.1962,2.5105,1.339,-0.45325,-2.053,485.7999231006832,1499814.937635675,1.6715249850000002,2.9409435000000004,1.2176784999999999,-1.12368085,-2.4174029999999997,9.450799934853098,12.049769916937699,2.0102553347312075
2008-08-13 00:28:05,526.6616210832151,58137.5,2.2608,2.4955000000000003,1.24125,-0.4205,-2.0855,488.77770675072867,1402391.8214538982,1.6423109649999996,2.9127259999999997,1.0543303999999998,-1.285087,-2.3840625,9.386386818350589,11.967643193397,2.094459439851568
2008-08-13 00:29:15,527.9096829430201,61109.2,2.1365,2.4384999999999994,1.133,-0.20325,-2.12575,489.59584260012025,1387898.5462404068,1.6687465399999997,2.9059145,0.8604365499999999,-1.517521,-2.3194445000000004,9.467798437529655,12.071443007850313,1.98869700557292
2008-08-13 00:30:15,522.1211271362233,60539.5,2.4528,2.5180000000000002,1.63875,-0.32875,-1.8225,490.3981708845826,1396644.1208721206,1.64707111,2.8324095000000002,0.85608615,-1.403289,-2.2980965,9.2864968801796,11.84028352222899,2.23332094061112
2008-08-13 00:31:25,520.2940058909002,69664.2,2.7948,2.43475,0.9085,-0.115,-2.21425,484.42916350613206,2178440.8483067043,1.717026245,2.81018,0.89785945,-1.3283314999999998,-2.2984835,9.097274496479868,11.599024983011827,2.5269395139498663
2008-08-13 00:32:25,526.9824442180211,48584.1,1.9834,2.59225,1.2819999999999998,-0.18025,-2.2025,480.6148422368634,2278596.673204643,1.68030248,2.908643,1.5558325000000002,-0.8047067999999999,-2.315442,9.591479327009898,12.229136141937618,1.8397087359447963
2008-08-13 00:33:25,523.9497980780219,55132.2,2.2864,2.58825,1.08625,-0.29875,-2.29475,485.48239413834915,1648512.1805645418,1.6285928100000002,2.9199055,1.406987,-1.01653045,-2.341688,9.384924173211651,11.965778320844851,2.0964187384313777
2008-08-13 00:34:35,526.0833622972693,43685.5,2.0604,2.50925,0.9575,-0.52525,-2.22475,487.38074184466655,2185113.476888695,1.77948445,2.7960195,1.3854795,-0.6446770000000001,-2.3325820000000004,9.536212419863014,12.158670835325346,1.904614745901973
2008-08-13 00:35:35,524.0193687698958,57762.5,2.1023,2.55675,0.8387500000000001,-0.9375,-2.18525,492.704265887701,1547551.72811373,1.795270845,2.5589630000000003,1.322619,-0.57202215,-2.105162,9.516731154825642,12.133832222402694,1.9281278888735789